status,kind,source,label_fr,label_en,entity_id,notes
valid,occupation,ARBEITNOW,Administrateur / Administratrice IT senior (H/F/D),Senior IT Administrator (m/w/d),OCC_c8e3c9cb6c38,
valid,occupation,ARBEITNOW,Administrateur / Administratrice Microsoft 365 (H/F/D),Microsoft 365 Administrator (m/w/d),OCC_dcfbee0bf2e2,
valid,occupation,ARBEITNOW,Analyste quantitatif / Modélisateur financier (H/F/X),Quantitative Analyst & Financial Modeller (x/w/m),OCC_bd8b9e27b797,
valid,occupation,ARBEITNOW,Architecte de solutions IA (H/F/D),AI Solution Architect (m/w/d),OCC_41c17d1e8957,
valid,occupation,ARBEITNOW,Architecte logiciel C++ (H/F/D) - Calcul de trajectoires d'outils,C++ Software Architect (m/f/d) Tool Path Calculation,OCC_311501439fae,
valid,occupation,ARBEITNOW,"Architecte principal(e) Gouvernance, Risque et Conformité (GRC)","Principal Governance, Risk and Compliance (GRC) Architect",OCC_27e8294e0a68,
valid,occupation,ARBEITNOW,Assistant(e) Ressources Humaines (H/F/D) - Temps partiel 20-25 heures par semaine,Human Resources Assistant (m/w/d) - Teilzeit 20-25 Wochenstunden,OCC_4cf9a4c09f8b,
valid,occupation,ARBEITNOW,Assistant(e) fiscal(e) ou gestionnaire de paie (H/F/D) avec possibilité de télétravail,Steuerfachangestellte o. Entgeltabrechnerin (w/m/d) mit Homeoffice-Anteil,OCC_e4a8a5aa915e,
reject,occupation,ARBEITNOW,Associé(e) du fondateur - IA et optimisation des processus (Stage et temps plein),Founder's Associate - AI & Process Optimisation (Intern & Fulltime),OCC_6fc64070190a,
reject,occupation,ARBEITNOW,"Candidature spontanée - Construction et infrastructure (H/F/D) | Chef de chantier, métreur, chef de projet","Initiativbewerbung Bau & Infrastruktur (gn) | Bauleiter, Kalkulator, Projektleiter",OCC_8d4b27c92032,
reject,occupation,ARBEITNOW,Chargé(e) de sécurité au travail - Basse-Saxe,Fachkraft für Arbeitssicherheit (mensch) Niedersachsen,OCC_e85f85137c9a,
reject,occupation,ARBEITNOW,Chargé(e) de sécurité au travail - Saxe-Anhalt,Fachkraft für Arbeitssicherheit (mensch) Saschsen-Anhalt,OCC_e2d3585c9ee5,
reject,occupation,ARBEITNOW,"Chatsetter / Préqualification (H/F/D) - activité indépendante, à temps partiel en complément","Chatsetter / Vorqualifizierung (m/w/d) - selbstständige, nebenberufliche Tätigkeit",OCC_8ef1e9943198,
valid,occupation,ARBEITNOW,Chef d'équipe (H/F/D) Finance à temps plein ou partiel,Teamleiter (m/w/d) Finance in Voll- oder Teilzeit,OCC_9c4c117df5f8,
valid,occupation,ARBEITNOW,Chef d'équipe (H/F/D) Recherche et Développement - Outils et Infrastructure,Teamleiter (m/w/d) Forschung und Entwicklung Tools & Infrastruktur,OCC_5ba0f9300746,
valid,occupation,ARBEITNOW,"Chef d'équipe - Planification réseau, déploiement fibre optique subventionné (H/F/D)",Teamleitung Netzplanung geförderter Glasfaserausbau (m/w/d),OCC_4d34f0a4a62c,
reject,occupation,ARBEITNOW,Chef de chantier (H/F/D),Bauleiter (m/w/d),OCC_28dd680bb4ca,
valid,occupation,ARBEITNOW,Chef de produit technique (Lead/Senior) - Ingénierie plateforme (H/F/D),(Lead/Senior) Technical Product Manager - Platform Engineering (m/f/d),OCC_8d76388f9989,
reject,occupation,ARBEITNOW,Chef de projet (H/F/D) Électrotechnique | Cologne,Projektleiter (m/w/d) Elektrotechnik | Köln,OCC_1acf41114c03,
reject,occupation,ARBEITNOW,Chef de projet construction junior - Éolien (H/F/D),Junior Baumanager Wind / Junior Construction Manager Wind (m/w/d),OCC_8a59698ac78b,
reject,occupation,ARBEITNOW,Chef de projet technique - Heartbeat AI (H/F/D),Technical Project Manager Heartbeat AI (m/f/d),OCC_31e13a095c73,
valid,occupation,ARBEITNOW,Co-responsable d'équipe et développeur(euse) senior (H/F/D) - Hambourg | Francfort | Vienne,Co-Team-Lead & Senior Developer (w/m/d) - Hamburg | Frankfurt | Wien,OCC_d13dc12649ed,
reject,occupation,ARBEITNOW,Concepteur / Conceptrice mécanique (H/F/D),Konstrukteur (m/w/d),OCC_4720bfd4a2a0,
valid,occupation,ARBEITNOW,Conseiller / Conseillère en services de sécurité managés (H/F/D),Managed Security Services Advisor (m/w/d),OCC_ef12d6a864e0,
reject,occupation,ARBEITNOW,"Conseiller fiscal / Conseillère fiscale (H/F/D) recherché(e) à Ayl, avec perspective d'association sur demande - à partir de 90 000 €","Steuerberater (m/w/d) in Ayl, auf Wunsch mit Partnerperspektive, gesucht - mindestens 90.000€",OCC_fbfac30acaad,
reject,occupation,ARBEITNOW,"Conseiller fiscal / Conseillère fiscale (H/F/D) recherché(e) à Beuren, avec perspective d'association sur demande - à partir de 90 000 €","Steuerberater (m/w/d) in Beuren, auf Wunsch mit Partnerperspektive, gesucht - mindestens 90.000€",OCC_9e06edf22e03,
reject,occupation,ARBEITNOW,"Conseiller fiscal / Conseillère fiscale (H/F/D) recherché(e) à Bruchsal, avec perspective d'association sur demande - à partir de 90 000 €","Steuerberater (m/w/d) in Bruchsal, auf Wunsch mit Partnerperspektive, gesucht - mindestens 90.000€",OCC_a50f158911fd,
reject,occupation,ARBEITNOW,"Conseiller fiscal / Conseillère fiscale (H/F/D) recherché(e) à Ditzingen, avec perspective d'association sur demande - à partir de 90 000 €","Steuerberater (m/w/d) in Ditzingen, auf Wunsch mit Partnerperspektive, gesucht - mindestens 90.000€",OCC_134082e9f91e,
reject,occupation,ARBEITNOW,"Conseiller fiscal / Conseillère fiscale (H/F/D) recherché(e) à Fachbach, avec perspective d'association sur demande - à partir de 90 000 €","Steuerberater (m/w/d) in Fachbach, auf Wunsch mit Partnerperspektive, gesucht - mindestens 90.000€",OCC_60ade13e6a43,
reject,occupation,ARBEITNOW,"Conseiller fiscal / Conseillère fiscale (H/F/D) recherché(e) à Gelsenkirchen, avec perspective d'association sur demande - à partir de 90 000 €","Steuerberater (m/w/d) in Gelsenkirchen, auf Wunsch mit Partnerperspektive, gesucht - mindestens 90.000€",OCC_82ba9632c664,
reject,occupation,ARBEITNOW,"Conseiller fiscal / Conseillère fiscale (H/F/D) recherché(e) à Gerbrunn, avec perspective d'association sur demande - à partir de 90 000 €","Steuerberater (m/w/d) in Gerbrunn, auf Wunsch mit Partnerperspektive, gesucht - mindestens 90.000€",OCC_e00f15cbde09,
reject,occupation,ARBEITNOW,"Conseiller fiscal / Conseillère fiscale (H/F/D) recherché(e) à Glattbach, avec perspective d'association sur demande - à partir de 90 000 €","Steuerberater (m/w/d) in Glattbach, auf Wunsch mit Partnerperspektive, gesucht - mindestens 90.000€",OCC_0a3688dc2883,
reject,occupation,ARBEITNOW,"Conseiller fiscal / Conseillère fiscale (H/F/D) recherché(e) à Hambrücken, avec perspective d'association sur demande - à partir de 90 000 €","Steuerberater (m/w/d) in Hambrücken, auf Wunsch mit Partnerperspektive, gesucht - mindestens 90.000€",OCC_fafcc7c3e7fc,
reject,occupation,ARBEITNOW,"Conseiller fiscal / Conseillère fiscale (H/F/D) recherché(e) à Ingersheim, avec perspective d'association sur demande - à partir de 90 000 €","Steuerberater (m/w/d) in Ingersheim, auf Wunsch mit Partnerperspektive, gesucht - mindestens 90.000€",OCC_33a53b79f008,
reject,occupation,ARBEITNOW,"Conseiller fiscal / Conseillère fiscale (H/F/D) recherché(e) à Kusel, avec perspective d'association sur demande - à partir de 90 000 €","Steuerberater (m/w/d) in Kusel, auf Wunsch mit Partnerperspektive, gesucht - mindestens 90.000€",OCC_dbf2e11ea29b,
reject,occupation,ARBEITNOW,"Conseiller fiscal / Conseillère fiscale (H/F/D) recherché(e) à Lindau, avec perspective d'association sur demande - à partir de 90 000 €","Steuerberater (m/w/d) in Lindau, auf Wunsch mit Partnerperspektive, gesucht - mindestens 90.000€",OCC_233cd4d87e99,
reject,occupation,ARBEITNOW,"Conseiller fiscal / Conseillère fiscale (H/F/D) recherché(e) à Mühlingen, avec perspective d'association sur demande - à partir de 90 000 €","Steuerberater (m/w/d) in Mühlingen, auf Wunsch mit Partnerperspektive, gesucht - mindestens 90.000€",OCC_db9f949d0e8c,
reject,occupation,ARBEITNOW,"Conseiller fiscal / Conseillère fiscale (H/F/D) recherché(e) à Ostrach, avec perspective d'association sur demande - à partir de 90 000 €","Steuerberater (m/w/d) in Ostrach, auf Wunsch mit Partnerperspektive, gesucht - mindestens 90.000€",OCC_ad4e7c4a6214,
reject,occupation,ARBEITNOW,"Conseiller fiscal / Conseillère fiscale (H/F/D) recherché(e) à Wiesloch, avec perspective d'association sur demande - à partir de 90 000 €","Steuerberater (m/w/d) in Wiesloch, auf Wunsch mit Partnerperspektive, gesucht - mindestens 90.000€",OCC_06920ec91fba,
reject,occupation,ARBEITNOW,"Conseiller fiscal / Conseillère fiscale (H/F/D) recherché(e) à Winsen, avec perspective d'association sur demande - à partir de 90 000 €","Steuerberater (m/w/d) in Winsen, auf Wunsch mit Partnerperspektive, gesucht - mindestens 90.000€",OCC_6330162b9a2c,
valid,occupation,ARBEITNOW,Consultant(e) BI / Spécialiste Power BI et Microsoft Fabric (H/F/D),BI Consultant / Power BI & Microsoft Fabric Spezialist (m/w/d),OCC_7f69d3fb1a62,
reject,occupation,ARBEITNOW,"Consultant(e) HubSpot CRM - Sales, Marketing & Service Hub (H/F/D)","HubSpot CRM Consultant - Sales, Marketing & Service Hub (m/w/d)",OCC_1b0eea60efa5,
reject,occupation,ARBEITNOW,Consultant(e) LIMS et expert(e) en validation (H/F/D),LIMS Consultant & Validation Expert (m/w/d),OCC_30add5f5757a,
valid,occupation,ARBEITNOW,Consultant(e) SOC (Centre des opérations de sécurité) (H/F/D),SOC Consultant (Security Operations Center) (m/w/d),OCC_77117619e46e,
reject,occupation,ARBEITNOW,Consultant(e) commercial(e) senior - Temps plein (germanophone),Senior Sales Consultant - Vollzeit (German Speaking),OCC_7e563be9002e,
valid,occupation,ARBEITNOW,Consultant(e) senior en ingénierie IA (H/F/D),Senior AI Engineering Consultant (w/m/d),OCC_43958fcde9b9,
valid,occupation,ARBEITNOW,Coordinateur / Coordinatrice de projets logiciels (H/F/D) | Berlin-Mitte | Temps partiel/Temps plein,Projektkoordination Softwareprojekte (m/w/d) | Berlin-Mitte | Teilzeit/Vollzeit,OCC_c81768051e3f,
valid,occupation,ARBEITNOW,Directeur / Directrice Produit et Ingénierie (H/F/D),Head of Product & Engineering (m/w/d),OCC_6622b2e6404b,
valid,occupation,ARBEITNOW,Direction Infrastructure IT (H/F/D),Leitung IT-Infrastruktur (m/w/d),OCC_e8eadf46f8fb,
reject,occupation,ARBEITNOW,Direction pour institut de beauté exclusif (H/F/D) à temps plein à Munich-Bogenhausen,Leitung für exklusives Kosmetik-Institut (m/w/d) in Vollzeit in München-Bogenhausen,OCC_6ede733bf14e,
valid,occupation,ARBEITNOW,Développeur / Développeuse Frontend E-Commerce (H/F/D),Frontend Developer E-Commerce (w/m/d),OCC_ee0ddbbdc92c,
reject,occupation,ARBEITNOW,Développeur / Développeuse en matériel analogique (H/F/D),Entwickler für analoge Hardware (m/w/d),OCC_4723bd332f04,
valid,occupation,ARBEITNOW,Développeur / Développeuse logiciel (H/F/D) - Spécialisation Angular,Software Developer (m/w/d)- Schwerpunkt Angular,OCC_6065b7acaf02,
valid,occupation,ARBEITNOW,"Développeur / Développeuse logiciel Fullstack Java, Angular (H/F/D)","Fullstack Software Entwickler Java, Angular (m/w/d)",OCC_c49207ccbbab,
valid,occupation,ARBEITNOW,Développeur / Développeuse logiciel senior (H/F/D),Senior Software Developer (m/w/d),OCC_cbba626eede9,
reject,occupation,ARBEITNOW,Exclusif : Gestionnaire technique de biens immobiliers (H/F/D) | portefeuille immobilier haut de gamme | jusqu'à environ 80 000 € de salaire annuel | télétravail | emplacement central à Munich,Exklusiv: Technischer Property Manager (m/w/d) | hochwertiges Immobilienportfolio | bis ca. 80k € Jahresgehalt | Homeoffice | zentrale Lage in München,OCC_b46dac6412d2,
reject,occupation,ARBEITNOW,Formation d'informaticien(ne) spécialisé(e) en intégration de systèmes (H/F/D),Ausbildung zum Fachinformatiker für Systemintegration (m/w/d),OCC_a06c1a2b7a1b,
valid,occupation,ARBEITNOW,Game Designer senior - Solitaire TriPeaks (Systèmes et économie) - Télétravail intégral,Senior Game Designer - Solitaire TriPeaks (Systems & Economy) - Fully Remote,OCC_3b84fd707ab1,
valid,occupation,ARBEITNOW,Gestionnaire de compte Google Ads | Spécialisation e-commerce (H/F/D) | Frankfurt am Main,Google-Ads Account Manager | Fokus E-Commerce (m/w/d) | Frankfurt am Main,OCC_941dbc8e121c,
valid,occupation,ARBEITNOW,Gestionnaire de compte SEA/Google Ads junior | Spécialisation e-commerce (H/F/D) | Frankfurt am Main,Junior SEA/Google Ads-Account Manager | E-Commerce Fokus (m/w/d) | Frankfurt am Main,OCC_9fb404d4f622,
reject,occupation,ARBEITNOW,Gestionnaire technique de biens immobiliers / Gestion de bâtiments - Sites Fulda/Wurtzbourg,Technischer Immobilienmanager/Gebäudemanagement Standort Fulda/Würzburg,OCC_2efdbd1cf825,
reject,occupation,ARBEITNOW,Généraliste RH spécialisé(e) en gestion de la paie (H/F/D),HR Generalist mit Schwerpunkt Entgeltabrechnung (m/w/d),OCC_d3c27b2b3e2b,
valid,occupation,ARBEITNOW,Informaticien(ne) spécialisé(e) en intégration de systèmes (H/F/D),Fachinformatiker für Systemintegration (m/w/d),OCC_3cacf2bb2b93,
reject,occupation,ARBEITNOW,"Ingénieur / Technicien (H/F/D) - Développement de dispositifs médicaux jetables, Pharma (1522)",Ingenieur / Techniker (m/w/d) Entwicklung Disposables Pharma (1522),OCC_92cd67638b85,
valid,occupation,ARBEITNOW,Ingénieur(e) (senior) IT Operations (H/F/D),(Senior) IT Operations Engineer (gn),OCC_8bf3aa81e931,
valid,occupation,ARBEITNOW,Ingénieur(e) Backend fondateur (Go),Founding Backend Engineer(Go),OCC_ab046c951cca,
valid,occupation,ARBEITNOW,Ingénieur(e) Frontend (H/F/D),Frontend Engineer (m/w/d),OCC_f75ad6da5f30,
valid,occupation,ARBEITNOW,"Ingénieur(e) IA (H/F/D) - Full Stack, TypeScript / Nuxt / Next / Vue / React","AI Engineer (m/f/d) - Full Stack, TypeScript / Nuxt / Next / Vue / React",OCC_341bd728b0ae,
valid,occupation,ARBEITNOW,Ingénieur(e) IT Operations (H/F/D),IT Operations Engineer (gn),OCC_d6208f2780c6,
valid,occupation,ARBEITNOW,Ingénieur(e) assurance qualité (H/F/D),Quality Assurance Engineer (m/f/d),OCC_498759db14be,
valid,occupation,ARBEITNOW,Ingénieur(e) calcul de structures (H/F/D),Stress Engineer (m/f/d),OCC_97f1b74ad13e,
valid,occupation,ARBEITNOW,Ingénieur(e) coûts senior (H/F/D),Senior Cost Engineer (gn),OCC_356ac99cca16,
valid,occupation,ARBEITNOW,Ingénieur(e) de développement (H/F/D) - Biocapteurs à Mannheim (1701),Entwicklungsingenieur (m/w/d) Biosensoren in Mannheim (1701),OCC_e88927698e41,
valid,occupation,ARBEITNOW,Ingénieur(e) de développement (H/F/D) FPGA,Entwicklungsingenieur (m/w/d) FPGA,OCC_aca1a4cafa57,
valid,occupation,ARBEITNOW,Ingénieur(e) en robotique / logiciel embarqué (H/F/D),Robotics / Embedded Software Engineer (m/f/d),OCC_1bb89a04e3bf,
valid,occupation,ARBEITNOW,Ingénieur(e) infrastructure / DevOps (H/F/D),Infrastructure Engineer / DevOps (m/w/d),OCC_ea877a4a9a11,
valid,occupation,ARBEITNOW,Ingénieur(e) logiciel (H/F/D),Software Engineer (m/f/d),OCC_4a7e79aa5d4f,
valid,occupation,ARBEITNOW,Ingénieur(e) logiciel (H/F/D) - Vienne | Hambourg | Francfort,Software Engineer (w/m/d) - Wien | Hamburg | Frankfurt,OCC_b47b635dd3a8,
valid,occupation,ARBEITNOW,Ingénieur(e) logiciel (H/F/X) - TypeScript (NestJS ou React),Software Engineer (f/m/x) - TypeScript (NestJS or React),OCC_9608b318f986,
valid,occupation,ARBEITNOW,"Ingénieur(e) logiciel - Automatisation et opérations (H/F/D, temps plein)","Software Engineer - Automation & Operations (m/w/d, FT)",OCC_3568bf427685,
reject,occupation,ARBEITNOW,Ingénieur(e) logiciel PCS7 - Électrotechnique (H/F/D),Software-Ingenieur PCS7 Elektrotechnik (m/w/d),OCC_5cd299d6d5a8,
valid,occupation,ARBEITNOW,"Ingénieur(e) logiciel confirmé(e) - Plateforme de données IA et Snowflake (H/F/D, Berlin)","Staff Software Engineer - AI Data Platform & Snowflake (d/f/m, Berlin)",OCC_cf9385ee6570,
valid,occupation,ARBEITNOW,Ingénieur(e) logiciel senior / Ingénieur(e) ML (H/F/X) - Secteur de l'éducation / Télétravail,Senior Software Engineer / ML Engineer (m/w/x) im Bildungsumfeld / Remote,OCC_88496659bc48,
valid,occupation,ARBEITNOW,Ingénieur(e) plateforme / DevOps (H/F/D) | Startup GovTech IA | Munich,Platform Engineer / DevOps (m/f/d) | AI GovTech Startup | Munich,OCC_10dc41f6953f,
valid,occupation,ARBEITNOW,Ingénieur(e) plateforme Full Stack (H/F/D),Full Stack Platform Engineer (m/f/d),OCC_9dfb8a8e4b63,
valid,occupation,ARBEITNOW,Ingénieur(e) produit senior (H/F/D),Senior Product Engineer (m/w/d),OCC_e52569128fe5,
valid,occupation,ARBEITNOW,Ingénieur(e) senior en apprentissage automatique (H/F/*),Senior Machine Learning Engineer (m/f/*),OCC_fe42133b7839,
valid,occupation,ARBEITNOW,Ingénieur(e) support applicatif (H/F/D),Application Support Engineer (f/m/d),OCC_61cc9ca73474,
valid,occupation,ARBEITNOW,Ingénieur(e) support technique - Roumanie,Technical Support Engineer - Romania,OCC_4ea592580d67,
valid,occupation,ARBEITNOW,Ingénieur(e) systèmes IT (H/F/D),IT-System Engineer (m/w/d),OCC_ccb65c46f869,
reject,occupation,ARBEITNOW,Manager Coopérations - Basketball Jeunes et Féminin (tous genres) - Temps plein,Manager:in Kooperationen Jugend- & Frauenbasketball (all genders) in Vollzeit,OCC_54b4adbd8f80,
reject,occupation,ARBEITNOW,Monteur / Monteuse vidéo RECHERCHÉ(E) ! - Freelance / Temps plein,Video Editor*in GESUCHT! - Freelance / Vollzeit,OCC_1baa9094411a,
reject,occupation,ARBEITNOW,Mécatronicien / Mécatronicienne (H/F/D) - Robotique et automatisation,Mechatroniker (m/w/d) für Robotik & Automatisierung,OCC_afd726718043,
reject,occupation,ARBEITNOW,Office Manager (H/F/D) spécialisé(e) en Personnel et Organisation,Office Manager (m/w/d) mit dem Schwerpunkt Personal & Organisation,OCC_db825f177c46,
valid,occupation,ARBEITNOW,Product Owner - Agent Assist et User Platforms (H/F/D),Product Owner Agent Assist & User Platforms (m/w/d),OCC_5d343c03bfac,
valid,occupation,ARBEITNOW,Programmeur/euse / Technicien(ne) en automatisation (H/F/D),Programmierer / Automatisierungstechniker (w/m/d),OCC_45b81edc9b79,
reject,occupation,ARBEITNOW,Préparateur / Préparatrice de travaux (H/F/D),Arbeitsvorbereiter (m/w/d),OCC_9008cb4647bc,
reject,occupation,ARBEITNOW,"Responsable Communication, Marque et Campagnes (H/F/D)","Communication, Brand & Campaign Manager*in (m/w/d)",OCC_62809dcd6eb7,
reject,occupation,ARBEITNOW,Responsable Growth Marketing (H/F/D) - Temps plein / Télétravail,Growth Marketing Manager (m/w/d) Vollzeit / Remote,OCC_b0b2cac153ee,
valid,occupation,ARBEITNOW,Responsable Ingénieur(e) IT Operations (H/F/D),Lead IT Operations Engineer (gn),OCC_eb475bc6322d,
valid,occupation,ARBEITNOW,"Responsable d'ingénierie senior, Domaine Supply (tous genres)","Senior Engineering Manager, Supply Domain (all genders)",OCC_e2001adaaee2,
valid,occupation,ARBEITNOW,"Responsable d'ingénierie, Moteur de recherche (tous genres)","Engineering Manager, Search Engine (all genders)",OCC_14a3530bfb4b,
reject,occupation,ARBEITNOW,Responsable de campagnes numériques,Digital Campaign Manager,OCC_d948abd2348d,
reject,occupation,ARBEITNOW,Responsable des achats (H/F/D) expérimenté(e),Purchase Manager / Einkaufsleiter (m/w/d) mit Erfahrung,OCC_f006a0e01c67,
reject,occupation,ARBEITNOW,Responsable des campagnes sur les réseaux sociaux - Temps plein,"Lead Social Media Campaigning, in Vollzeit",OCC_61c4c4efb79b,
reject,occupation,ARBEITNOW,Responsable des opérations - Services aux bâtiments et locataires (H/F/D),Operations Manager Facility & Tenant Services (m/w/d),OCC_b7c0ba682bd6,
reject,occupation,ARBEITNOW,Responsable marketing B2B IT / Services managés (H/F/D) - 1435,Marketing Manager B2B IT / Managed Services (m/w/d) - 1435,OCC_0c906d3158a6,
reject,occupation,ARBEITNOW,Responsable senior Marketing Produit - Secteur maritime (H/F/D),Senior Product Marketing Manager Sea Domain (m/f/d),OCC_42f9463eb1fd,
reject,occupation,ARBEITNOW,Réparateur / Réparatrice de béton (H/F/D),Betoninstandsetzer (gn),OCC_6873fd65a786,
reject,occupation,ARBEITNOW,"Spécialiste Growth Marketing (H/F/D) - Meta Ads pour l'e-commerce | Agence boutique native IA, marketing en ligne","Growth Marketer (m/w/d) Meta Ads für E-Commerce | AI-native Boutique-Agentur, Online Marketing",OCC_8adbac8dcb63,
reject,occupation,ARBEITNOW,Spécialiste en marketing de performance (H/F/D) - Meta Ads × IA × Stratégie créative | E-commerce à panier moyen élevé,Performance Marketer (m/w/d) - Meta Ads × AI × Creative Strategy | High-AOV E-Commerce,OCC_0e0abf26f543,
reject,occupation,ARBEITNOW,Stage dans le domaine du prototypage et des données pour la vision par ordinateur automobile,Praktikum im Bereich Prototyping & Data für Automotive Computer Vision,OCC_337c349a44d6,
reject,occupation,ARBEITNOW,Stage en gestion de portefeuille de produits (H/F/D),Internship Product Portfolio Management (m/f/d),OCC_dc37b8bdabd2,
reject,occupation,ARBEITNOW,Stage en gestion de produit à l'international (H/F/D),Internship Global Product Management (m/f/d),OCC_7b06230b6c8b,
reject,occupation,ARBEITNOW,Stagiaire / Étudiant(e) salarié(e) - Analyste marché et réglementation @Atmen,Market & Regulation Analyst Intern/Werkstudent @Atmen,OCC_4f5b19d65580,
reject,occupation,ARBEITNOW,Stagiaire Manager Artiste / Manager Influenceur (H/F/D),Trainee Artist Manager / Influencer Manager (m/w/d),OCC_0ae55a601c37,
reject,occupation,ARBEITNOW,Surveillant(e) de travaux ferroviaires (H/F/D) - Infrastructure ferroviaire et génie civil structurel | Munich,Bauüberwacher Bahn (m/w/d) Oberbau & Konstruktiver Ingenieurbau | München,OCC_9b420ddd07b8,
reject,occupation,ARBEITNOW,Testeur / Testeuse,Tester:in,OCC_0c71507b3ef9,
reject,occupation,ARBEITNOW,Vendeur / Vendeuse spécialisé(e) à temps plein/temps partiel,Fachverkäufer (m/w/d) Vollzeit/Teilzeit,OCC_aa7fe0e12132,
reject,occupation,ARBEITNOW,"Étudiant(e) salarié(e) (H/F/D) en marketing, spécialisé(e) en réseaux sociaux et création de contenu",Werkstudent (m/w/d) im Marketing mit Schwerpunkt Social Media & Content Creation,OCC_3f1f438816f3,
reject,occupation,ARBEITNOW,Étudiant(e) salarié(e) - Designer Produit (H/F/D),Working Student Product Designer (m/w/d),OCC_f78b1a76ee03,
reject,occupation,ARBEITNOW,Étudiant(e) salarié(e) - Développement logiciel - Outils internes et automatisation (H/F/D),Werkstudent Softwareentwicklung - Interne Tools & Automatisierung (m/w/d),OCC_4533932080ae,
reject,occupation,ARBEITNOW,Étudiant(e) salarié(e) - Développement web et automatisation IA (H/F/D),Werkstudent*in Webentwicklung und KI-Automatisierung (m/w/d),OCC_3ce7ca6b20a1,
reject,occupation,ARBEITNOW,Étudiant(e) salarié(e) - Product & Venture Building,Werkstudent:in Product & Venture Building,OCC_acc0d4bfbc80,
reject,occupation,ARBEITNOW,Étudiant(e) salarié(e) - Product Owner pour projets logiciels (H/F/D),Werkstudent Product Owner für Softwareprojekte (m/w/d),OCC_a281f922ffc2,
reject,occupation,ARBEITNOW,Étudiant(e) salarié(e) - Retail Media / Marketplace (H/F/D),Werkstudent Retail Media / Marketplace (m/w/d),OCC_9815254a36b8,
reject,occupation,ARBEITNOW,Étudiant(e) salarié(e) : Ingénierie d'automatisation QA (H/F/D),Working Student: QA Automation Engineering (m/f/d),OCC_d4d0cb4ec6d2,
reject,occupation,REMOTEOK,Administrateur / Administratrice de programmes éducatifs,Educational Programs Administrator,OCC_65f7753cbd14,
valid,occupation,REMOTEOK,Agent administratif de saisie de données et de classement,Administrative Data Entry File Clerk,OCC_b9e95ef30857,
valid,occupation,REMOTEOK,Agent de saisie de données,Data Entry Clerk,OCC_3756041ae6ec,
valid,occupation,REMOTEOK,Agent de saisie de données / Spécialiste en saisie de données,Data Entry Clerk Data Entry Specialist,OCC_d8d5f3a4878b,
valid,occupation,REMOTEOK,Agent de saisie de données débutant - Télétravail intégral,Entry Level Data Entry Clerk Fully,OCC_e2079fd4cbf9,
valid,occupation,REMOTEOK,Analyste d'affaires,Business Analyst,OCC_d9115408ab56,
valid,occupation,REMOTEOK,Analyste de données - Excel,Data Analyst Excel,OCC_4000ceec52ad,
valid,occupation,REMOTEOK,Analyste de données - Secteur de la santé,Data Analyst Healthcare,OCC_c2f30bbdb638,
valid,occupation,REMOTEOK,Analyste des systèmes de la chaîne d'approvisionnement,Supply Chain Systems Analyst,OCC_8df0f1dba04b,
valid,occupation,REMOTEOK,Analyste senior - Support de projet,Senior Analyst Project Support,OCC_a55aa629a66b,
reject,occupation,REMOTEOK,Artiste freelance de décors pour YouTube Studio,Freelance Background Artist for YouTube Studio,OCC_a1062fbaedbf,
reject,occupation,REMOTEOK,Assistant(e) en design d'intérieur (Revit et 3Ds Max),Interior Design Assistant (Revit and 3Ds Max,OCC_77d8eb8af8c6,
reject,occupation,REMOTEOK,Candidature spontanée - Téléversez votre CV ici,General Consideration Upload Your Resume Here,OCC_648dbc6a23f2,
reject,occupation,REMOTEOK,Chargé(e) de comptes clés,Key Accounts Executive,OCC_5752988aa7ff,
valid,occupation,REMOTEOK,Chef de produit - IA,Product Manager AI,OCC_2e0e260cb4d7,
reject,occupation,REMOTEOK,Closer commercial - Ventes entrantes,Inbound Sales Closer,OCC_85e5ce1c9c06,
valid,occupation,REMOTEOK,Concepteur / Conceptrice UX/UI,UX UI Designer,OCC_b415cabf36c7,
valid,occupation,REMOTEOK,Concepteur / Conceptrice d'interfaces,Interface Designer,OCC_e77bc5408895,
valid,occupation,REMOTEOK,Concepteur / Conceptrice en architecture,Architectural Designer,OCC_20f53a6b090c,
valid,occupation,REMOTEOK,Concepteur / Conceptrice web junior,Junior Web Designer,OCC_d3df557742ce,
reject,occupation,REMOTEOK,Coordinateur / Coordinatrice des réseaux sociaux,Social Media Coordinator,OCC_233642eb3870,
valid,occupation,REMOTEOK,Dactylographe - Saisie de données,Data Entry Typist,OCC_b98e457eb404,
reject,occupation,REMOTEOK,Dessinateur / Dessinatrice-concepteur(trice) en architecture,Architectural Drafter Designer,OCC_92f9f3093c8b,
reject,occupation,REMOTEOK,Directeur / Directrice de la réussite client,Director of Customer Success,OCC_0a2af15c9ee4,
reject,occupation,REMOTEOK,Expert(e) en langue anglaise,English Language Expert,OCC_ddd89e3da57a,
reject,occupation,REMOTEOK,Illustrator,Illustrator,OCC_5ee620e6a9b5,
valid,occupation,REMOTEOK,Jeune diplômé(e) - Data Scientist,Graduate Data Scientist,OCC_7781415f8e03,
reject,occupation,REMOTEOK,Le poste,The Role,OCC_12523bb775b4,
reject,occupation,REMOTEOK,Le processus de recrutement,The Hiring Process,OCC_d393d2b655d6,
reject,occupation,REMOTEOK,Membre de l'équipe des opérations de recrutement BBG etc.,Hiring Operations Team Member BBG etc,OCC_937bf93f81fa,
reject,occupation,REMOTEOK,Podcasteur/Podcasteuse et créateur/créatrice de contenu - Psychology Today,Podcaster and Content Creator Psychology Today,OCC_ec206bac05e9,
reject,occupation,REMOTEOK,Postes de tutorat en ligne - Offre d'emploi en enseignement,Online Tutoring Jobs Teaching Vacancy,OCC_cf4a4daecf67,
reject,occupation,REMOTEOK,Représentant(e) du service client - Chat,Customer Service Chat Representative,OCC_3adbbbd5b065,
reject,occupation,REMOTEOK,Responsable CRM et cycle de vie client,CRM & Lifecycle Manager,OCC_1a2221215b68,
reject,occupation,REMOTEOK,Responsable de la réussite client - NYC - Télétravail intégral,Client Success Manager NYC Fully,OCC_7b3eaf03bbf0,
reject,occupation,REMOTEOK,Spécialiste en facturation,Billing Specialist,OCC_27a8e3b4d62c,
valid,occupation,REMOTEOK,Spécialiste en saisie de données,Data Entry Specialist,OCC_a196178f2449,
valid,occupation,REMOTEOK,Spécialiste en saisie de données - Assistant(e) administratif(ve),Data Entry Specialist Assistant Administrator,OCC_c69fa61c1cf6,
valid,occupation,REMOTEOK,Technicien / Technicienne de piscine,Pool Technician,OCC_1d71758bab20,
valid,occupation,WIKIDATA,Chimiométricien / Chimiométricienne,chemometrician,OCC_d70f56db8654,
reject,occupation,WIKIDATA,Professeur / Professeure d'informatique,computer science teacher,OCC_5def90d15d88,
reject,occupation,WIKIDATA,audiologiste,audiologist,OCC_05e081936a41,
valid,skill,ARBEITNOW,Administration,Administration,SKL_4cf7fdaebb9c,
valid,skill,ARBEITNOW,Administration systèmes et réseaux,System and Network Administration,SKL_6a1980b9b3cc,
valid,skill,ARBEITNOW,Approvisionnement,Supply,SKL_9594c8621b16,
reject,skill,ARBEITNOW,Arts et divertissement,Arts and entertainment,SKL_d2658ef0c99a,
valid,skill,ARBEITNOW,Assurance qualité,Quality Assurance,SKL_c5b7853910ad,
reject,skill,ARBEITNOW,Autre,Other,SKL_73f9beb7ca01,
valid,skill,ARBEITNOW,Baccalauréat ou équivalent,high school or equivalent,SKL_08f7e84127d9,
reject,skill,ARBEITNOW,Beauté,Beauty,SKL_a47c7cfce569,
reject,skill,ARBEITNOW,Bien-être,Wellness,SKL_4f1dcdc9e197,
valid,skill,ARBEITNOW,Biotechnologie,Biotech,SKL_4e2d30bd7ac3,
valid,skill,ARBEITNOW,Business Intelligence,Business Intelligence,SKL_3af717e2d59e,
reject,skill,ARBEITNOW,Bâtiment,Building,SKL_5f13bea144a5,
valid,skill,ARBEITNOW,Cadres dirigeants,Chief Executives,SKL_5c999ebc6a2e,
valid,skill,ARBEITNOW,Certification,certification,SKL_0c6f4404fd8e,
reject,skill,ARBEITNOW,Chef d'équipe,Team Leader,SKL_333fcc2fb98a,
valid,skill,ARBEITNOW,Conseil,Consulting,SKL_9648059e8a60,
reject,skill,ARBEITNOW,Cours de lycée,high school coursework,SKL_48537b44224c,
valid,skill,ARBEITNOW,Directeurs / Directrices,Directors,SKL_f99f5b3cde55,
valid,skill,ARBEITNOW,Développement,Development,SKL_102f88d3b170,
valid,skill,ARBEITNOW,Développement de firmware,Firmware Development,SKL_6011cd95bd17,
valid,skill,ARBEITNOW,Développement logiciel,Software Development,SKL_1d29d48b0c0b,
valid,skill,ARBEITNOW,Développement web,Web Development,SKL_13378ce5fdcb,
valid,skill,ARBEITNOW,Finance,Finance,SKL_515c47693b95,
reject,skill,ARBEITNOW,Formation,Training,SKL_f34018fa3386,
reject,skill,ARBEITNOW,Formation professionnelle,vocational,SKL_7e6015a88f97,
valid,skill,ARBEITNOW,Gestion de la qualité,Quality Management,SKL_27f0215b16be,
valid,skill,ARBEITNOW,Gestion de projet,Project Management,SKL_e6b7d5f0a846,
valid,skill,ARBEITNOW,Gestion des processus,Process Management,SKL_eaf4cc5da533,
reject,skill,ARBEITNOW,Informatique,IT,SKL_5b652b92636a,
reject,skill,ARBEITNOW,Ingénierie,Engineering,SKL_79c131d33885,
valid,skill,ARBEITNOW,Ingénierie de l'automatisation,Automation Engineering,SKL_c44215649ff6,
valid,skill,ARBEITNOW,Ingénierie des services de sécurité,Safety Services Engineering,SKL_f5834c0b1b23,
valid,skill,ARBEITNOW,Inspection,Inspection,SKL_182f1752e622,
valid,skill,ARBEITNOW,Internet et logiciels,Internet and software,SKL_7411bc5936ad,
valid,skill,ARBEITNOW,Licence,bachelor's degree,SKL_7af7f9372ca2,
valid,skill,ARBEITNOW,Management,Management,SKL_58dc550e46de,
valid,skill,ARBEITNOW,Marketing et Communication,Marketing and Communication,SKL_11d82775ca45,
valid,skill,ARBEITNOW,Marketing et relations publiques,Marketing and pr,SKL_ee8988321013,
reject,skill,ARBEITNOW,Pharmaceutique,pharma,SKL_713f50e749a1,
reject,skill,ARBEITNOW,Professionnel,professional,SKL_a1fd4af8ffb0,
reject,skill,ARBEITNOW,R&D,r&d,SKL_7e11f221f9ad,
reject,skill,ARBEITNOW,RH,HR,SKL_81c855b1d7f9,
reject,skill,ARBEITNOW,Responsable marketing,Marketing Manager,SKL_ce745e4230f7,
reject,skill,ARBEITNOW,Responsable réseaux sociaux,Social Media Manager,SKL_544038d97b6d,
reject,skill,ARBEITNOW,Rémunération et avantages sociaux,Compensation and Benefits,SKL_7ce4283168cb,
valid,skill,ARBEITNOW,Service client,Customer Service,SKL_aedbf5bf44e3,
valid,skill,ARBEITNOW,Systèmes embarqués,Embedded Systems,SKL_65a0566e51c4,
valid,skill,ARBEITNOW,Sécurité informatique,IT Security,SKL_066785341766,
reject,skill,ARBEITNOW,Technologies de l'information,Information technology,SKL_7b05d8546575,
reject,skill,ARBEITNOW,Télétravail,Remote,SKL_a453dce2b681,
reject,skill,REMOTEOK,API,api,SKL_3afb9e9c5ef2,
reject,skill,REMOTEOK,Administrateur / Administratrice système,sys admin,SKL_f250392a2a71,
reject,skill,REMOTEOK,Administration,admin,SKL_2eb50898764d,
valid,skill,REMOTEOK,Analyste,analyst,SKL_b112fb9ebdb1,
valid,skill,REMOTEOK,Architecture,architecture,SKL_ed7e4b1c32ba,
valid,skill,REMOTEOK,Assembleur,assembly,SKL_8c9a63652154,
reject,skill,REMOTEOK,Assistant(e) virtuel(le),virtual assistant,SKL_21b305b59f6a,
valid,skill,REMOTEOK,Assurance qualité,quality assurance,SKL_3c5062886f58,
valid,skill,REMOTEOK,C,c,SKL_4ee450fb1956,
valid,skill,REMOTEOK,C++,c plus plus,SKL_70ded94e0524,
valid,skill,REMOTEOK,CSS,css,SKL_e5edcdb998db,
reject,skill,REMOTEOK,Chef de produit,product manager,SKL_7288c359cbfa,
valid,skill,REMOTEOK,Cloud,cloud,SKL_3add25dbe1f5,
valid,skill,REMOTEOK,Comptabilité,accounting,SKL_c6fcaacc43af,
valid,skill,REMOTEOK,Conseil,consulting,SKL_dd349b83dd94,
valid,skill,REMOTEOK,Contrôleur / Contrôleuse,controller,SKL_95c22dc3a485,
valid,skill,REMOTEOK,Coordinateur / Coordinatrice,coordinator,SKL_e086b66b31f9,
valid,skill,REMOTEOK,Design,design,SKL_7e50efb567c8,
valid,skill,REMOTEOK,Designer,designer,SKL_77719d253c0f,
valid,skill,REMOTEOK,Direction,exec,SKL_e0e7d59ee005,
valid,skill,REMOTEOK,Développement,dev,SKL_bb0642a0801c,
valid,skill,REMOTEOK,Développement de jeux vidéo,game dev,SKL_9557509c578d,
valid,skill,REMOTEOK,Développement web,web dev,SKL_1294736fa718,
valid,skill,REMOTEOK,E-commerce,ecommerce,SKL_2d221cdc9478,
reject,skill,REMOTEOK,Enseignement,teaching,SKL_4bf7e2a718e9,
valid,skill,REMOTEOK,Excel,excel,SKL_e71610d5e32e,
valid,skill,REMOTEOK,Finance,finance,SKL_e13dc4494db1,
valid,skill,REMOTEOK,Front-end,front end,SKL_460c04dcc0af,
valid,skill,REMOTEOK,Golang,golang,SKL_014899ec0243,
valid,skill,REMOTEOK,HTML,html,SKL_a26645af99c4,
reject,skill,REMOTEOK,Illustrator,illustrator,SKL_5ee620e6a9b5,
reject,skill,REMOTEOK,Ingénieur / Ingénieure,engineer,SKL_e9192bd08953,
valid,skill,REMOTEOK,Jira,jira,SKL_a0415d24d75d,
reject,skill,REMOTEOK,Junior,junior,SKL_78463e0ee8c2,
reject,skill,REMOTEOK,Juridique,legal,SKL_c7bba98af322,
valid,skill,REMOTEOK,Linguistique,linguistics,SKL_86c8421224d8,
valid,skill,REMOTEOK,Marketing,marketing,SKL_1404972f7341,
valid,skill,REMOTEOK,Mathématiques,math,SKL_39b720afc8ef,
valid,skill,REMOTEOK,Microsoft,microsoft,SKL_fe96e3f37fe3,
valid,skill,REMOTEOK,Mobile,mobile,SKL_ab8be6509b6e,
valid,skill,REMOTEOK,Musique,music,SKL_671db98b469f,
valid,skill,REMOTEOK,Médical,medical,SKL_f38bef9250a4,
reject,skill,REMOTEOK,Nomade numérique,digital nomad,SKL_2ec359c8eaed,
reject,skill,REMOTEOK,Non technique,non tech,SKL_20f6d11b3b14,
valid,skill,REMOTEOK,Opérations,ops,SKL_6ee8666ca5d9,
reject,skill,REMOTEOK,Parole,speech,SKL_925593027168,
valid,skill,REMOTEOK,Photoshop,photoshop,SKL_d1f98460281a,
reject,skill,REMOTEOK,Professeur d'anglais,english teacher,SKL_d0ef8b10d57d,
reject,skill,REMOTEOK,Publicités,ads,SKL_9913c0ce8174,
valid,skill,REMOTEOK,Python,python,SKL_89a6131b45c1,
reject,skill,REMOTEOK,RH,hr,SKL_b2deeff6decf,
reject,skill,REMOTEOK,Recruteur / Recruteuse,recruiter,SKL_64ba4e5d0b07,
valid,skill,REMOTEOK,Robotique,robotics,SKL_0ba42fd4778d,
valid,skill,REMOTEOK,Rédaction de contenu,content writing,SKL_4f8d92e210a1,
valid,skill,REMOTEOK,Réseaux sociaux,social media,SKL_0c49b0ae26a5,
reject,skill,REMOTEOK,SEO,seo,SKL_1077e775c12c,
reject,skill,REMOTEOK,SaaS,saas,SKL_715f3c40bd8e,
valid,skill,REMOTEOK,Saisie de données,data entry,SKL_b1d2e416f4ce,
valid,skill,REMOTEOK,Salesforce,salesforce,SKL_e6786424a536,
valid,skill,REMOTEOK,Science des données,data science,SKL_c3e6c3cb78ff,
reject,skill,REMOTEOK,Senior,senior,SKL_5c7a23d0b779,
reject,skill,REMOTEOK,Stage,internship,SKL_104023a06bb4,
valid,skill,REMOTEOK,Statistiques,stats,SKL_b9981c33f01a,
valid,skill,REMOTEOK,Stratégie,strategy,SKL_4999785538a5,
reject,skill,REMOTEOK,Superviseur / Superviseuse,supervisor,SKL_0aeb8154850b,
reject,skill,REMOTEOK,Support client,customer support,SKL_ecdb6d643f18,
valid,skill,REMOTEOK,Sécurité informatique,infosec,SKL_e873316e9d07,
reject,skill,REMOTEOK,Technique,technical,SKL_5753e2f0e844,
reject,skill,REMOTEOK,Temps plein,full time,SKL_b9ca6834eaec,
reject,skill,REMOTEOK,Tests,testing,SKL_7432b46283a1,
reject,skill,REMOTEOK,Transcription,transcribing,SKL_559135a52bc5,
reject,skill,REMOTEOK,VFX,vfx,SKL_8a1e073d3c8a,
reject,skill,REMOTEOK,Ventes,sales,SKL_2186e643bdac,
reject,skill,REMOTEOK,Vidéo,video,SKL_6eaf14dba0ea,
reject,skill,REMOTEOK,Voyage,travel,SKL_bf08f483d375,
reject,skill,REMOTEOK,WordPress,wordpress,SKL_344e6019936e,
reject,skill,REMOTEOK,Éducation,education,SKL_7bb7e2c943e5,
