entity_id,source,source_version,retrieved_at,retrieval_method,notes
ALL_ESCO,ESCO,v1.2 (fr),2026-07-15T07:41:08+00:00,official_fr_csv,"83 occ, 925 skills, 3531 labels, 5322 rel"
ALL_ISCO,ISCO,ISCO-08 (nomenclature FR 4 niveaux),2026-07-15T07:55:24+00:00,nomenclature_4N_fr_csv,"20 groupes ISCO, 101 arêtes hiérarchiques"
ALL_ROME_M18,ROME,"open data v4.0 (v461, UTF-8)",2026-07-15T09:07:42+00:00,referentiel_code_rome + appellation + competence + savoir + liens_rome_referentiels,"96 métiers M18, 497 synonymes, 2162 compétences (2148 hard/14 soft), 5296 liens. Jeu complet : savoir-faire + savoir-être + savoirs inclus."
ALL_WIKIDATA,WIKIDATA,live,2026-07-15T09:08:22+00:00,SPARQL query.wikidata.org,"3 concepts, dont 1 avec libellé fr"
ALL_REMOTEOK,REMOTEOK,API JSON publique,2026-07-15T09:10:30+00:00,API JSON officielle (sans clé),"39 intitulés, 77 compétences, 676 liens"
ALL_ARBEITNOW,ARBEITNOW,API JSON publique,2026-07-15T09:10:30+00:00,API JSON officielle (sans clé),"127 intitulés, 50 compétences, 193 liens"
REVIEW,REVIEW_SCRAPED,revue manuelle post-traduction,2026-07-15T10:16:31+00:00,"review_translated.csv, valid/reject","144 rejetées, 91 occ/53 skl supprimées"
ALL_SKILLS_HIER,ESCO_SKILLS_HIER,transversal+broader (fr),2026-07-15T16:19:48+00:00,transversalSkillsCollection + broaderRelationsSkillPillar,"95 soft, 186 groupes, 1019 arêtes"
ALL_ALIGNMENT_HIER,ALIGNMENT_HIER,gold=1 direct pairs (alignment_review.csv),2026-07-16T07:59:09+00:00,graft non-ESCO occupations onto ISCO tree via validated alignments,"92 occupations non-ESCO rattachées (64 cible unique, 28 résolues par confiance max)"
