translation_id,entity_kind,entity_id,source,label_en,label_fr,status,reason,created_at
TRAD_00c41ffe23db,occupation,OCC_d70f56db8654,WIKIDATA,chemometrician,Chimiométricien / Chimiométricienne,applied,ok,2026-07-15T09:40:03+00:00
TRAD_1ea4012ded99,occupation,OCC_5def90d15d88,WIKIDATA,computer science teacher,Professeur / Professeure d'informatique,applied,ok,2026-07-15T09:40:03+00:00
TRAD_4fea322b291f,occupation,OCC_e2079fd4cbf9,REMOTEOK,Entry Level Data Entry Clerk Fully,Agent de saisie de données débutant - Télétravail intégral,applied,ok,2026-07-15T09:40:03+00:00
TRAD_982c1d3a4a49,occupation,OCC_a196178f2449,REMOTEOK,Data Entry Specialist,Spécialiste en saisie de données,applied,ok,2026-07-15T09:40:03+00:00
TRAD_bfd7e667ca57,occupation,OCC_a55aa629a66b,REMOTEOK,Senior Analyst Project Support,Analyste senior - Support de projet,applied,ok,2026-07-15T09:40:03+00:00
TRAD_dfdf9f9fbc38,occupation,OCC_d8d5f3a4878b,REMOTEOK,Data Entry Clerk Data Entry Specialist,Agent de saisie de données / Spécialiste en saisie de données,applied,ok,2026-07-15T09:40:03+00:00
TRAD_82073563a8c4,occupation,OCC_cf4a4daecf67,REMOTEOK,Online Tutoring Jobs Teaching Vacancy,Postes de tutorat en ligne - Offre d'emploi en enseignement,applied,ok,2026-07-15T09:40:03+00:00
TRAD_0cf382f6e26f,occupation,OCC_8df0f1dba04b,REMOTEOK,Supply Chain Systems Analyst,Analyste des systèmes de la chaîne d'approvisionnement,applied,ok,2026-07-15T09:40:03+00:00
TRAD_199013b2b8f6,occupation,OCC_937bf93f81fa,REMOTEOK,Hiring Operations Team Member BBG etc,Membre de l'équipe des opérations de recrutement BBG etc.,applied,ok,2026-07-15T09:40:03+00:00
TRAD_ad2f0d424ddc,occupation,OCC_7b3eaf03bbf0,REMOTEOK,Client Success Manager NYC Fully,Responsable de la réussite client - NYC - Télétravail intégral,applied,ok,2026-07-15T09:40:03+00:00
TRAD_3b317558254d,occupation,OCC_1d71758bab20,REMOTEOK,Pool Technician,Technicien / Technicienne de piscine,applied,ok,2026-07-15T09:40:03+00:00
TRAD_4a6168f68445,occupation,OCC_2e0e260cb4d7,REMOTEOK,Product Manager AI,Chef de produit - IA,applied,ok,2026-07-15T09:40:03+00:00
TRAD_079b6fa42f14,occupation,OCC_ec206bac05e9,REMOTEOK,Podcaster and Content Creator Psychology Today,Podcasteur/Podcasteuse et créateur/créatrice de contenu - Psychology Today,applied,ok,2026-07-15T09:40:03+00:00
TRAD_58834a54a6c9,occupation,OCC_4000ceec52ad,REMOTEOK,Data Analyst Excel,Analyste de données - Excel,applied,ok,2026-07-15T09:40:03+00:00
TRAD_bb42dadeb3ac,occupation,OCC_c2f30bbdb638,REMOTEOK,Data Analyst Healthcare,Analyste de données - Secteur de la santé,applied,ok,2026-07-15T09:40:03+00:00
TRAD_a191b1192e48,occupation,OCC_b9e95ef30857,REMOTEOK,Administrative Data Entry File Clerk,Agent administratif de saisie de données et de classement,applied,ok,2026-07-15T09:40:03+00:00
TRAD_2744203ccc34,occupation,OCC_c69fa61c1cf6,REMOTEOK,Data Entry Specialist Assistant Administrator,Spécialiste en saisie de données - Assistant(e) administratif(ve),applied,ok,2026-07-15T09:40:03+00:00
TRAD_8ea0b2d808d7,occupation,OCC_3adbbbd5b065,REMOTEOK,Customer Service Chat Representative,Représentant(e) du service client - Chat,applied,ok,2026-07-15T09:40:03+00:00
TRAD_2d181bd9ec7d,occupation,OCC_3756041ae6ec,REMOTEOK,Data Entry Clerk,Agent de saisie de données,applied,ok,2026-07-15T09:40:03+00:00
TRAD_250d6fbae71b,occupation,OCC_d9115408ab56,REMOTEOK,Business Analyst,Analyste d'affaires,applied,ok,2026-07-15T09:40:03+00:00
TRAD_875f88edaea0,occupation,OCC_12523bb775b4,REMOTEOK,The Role,Le poste,applied,ok,2026-07-15T09:40:03+00:00
TRAD_d71ae40b3611,occupation,OCC_92f9f3093c8b,REMOTEOK,Architectural Drafter Designer,Dessinateur / Dessinatrice-concepteur(trice) en architecture,applied,ok,2026-07-15T09:40:03+00:00
TRAD_0daea8d8f37a,occupation,OCC_a1062fbaedbf,REMOTEOK,Freelance Background Artist for YouTube Studio,Artiste freelance de décors pour YouTube Studio,applied,ok,2026-07-15T09:40:03+00:00
TRAD_55a3328421c4,occupation,OCC_b98e457eb404,REMOTEOK,Data Entry Typist,Dactylographe - Saisie de données,applied,ok,2026-07-15T09:40:03+00:00
TRAD_0bae02e764c7,occupation,OCC_85e5ce1c9c06,REMOTEOK,Inbound Sales Closer,Closer commercial - Ventes entrantes,applied,ok,2026-07-15T09:40:03+00:00
TRAD_00253afef701,occupation,OCC_ddd89e3da57a,REMOTEOK,English Language Expert,Expert(e) en langue anglaise,applied,ok,2026-07-15T09:40:03+00:00
TRAD_65c9a8470abf,occupation,OCC_77d8eb8af8c6,REMOTEOK,Interior Design Assistant (Revit and 3Ds Max,Assistant(e) en design d'intérieur (Revit et 3Ds Max),applied,ok,2026-07-15T09:40:03+00:00
TRAD_6d03a090f078,occupation,OCC_20f53a6b090c,REMOTEOK,Architectural Designer,Concepteur / Conceptrice en architecture,applied,ok,2026-07-15T09:40:03+00:00
TRAD_90a1197e6ed1,occupation,OCC_e77bc5408895,REMOTEOK,Interface Designer,Concepteur / Conceptrice d'interfaces,applied,ok,2026-07-15T09:40:03+00:00
TRAD_1567352f6e15,occupation,OCC_b415cabf36c7,REMOTEOK,UX UI Designer,Concepteur / Conceptrice UX/UI,applied,ok,2026-07-15T09:40:03+00:00
TRAD_d078e5b2630b,occupation,OCC_d393d2b655d6,REMOTEOK,The Hiring Process,Le processus de recrutement,applied,ok,2026-07-15T09:40:03+00:00
TRAD_341a53c9b980,occupation,OCC_1a2221215b68,REMOTEOK,CRM & Lifecycle Manager,Responsable CRM et cycle de vie client,applied,ok,2026-07-15T09:40:03+00:00
TRAD_210d3ed5e1fc,occupation,OCC_d3df557742ce,REMOTEOK,Junior Web Designer,Concepteur / Conceptrice web junior,applied,ok,2026-07-15T09:40:03+00:00
TRAD_7acea7ab863b,occupation,OCC_7781415f8e03,REMOTEOK,Graduate Data Scientist,Jeune diplômé(e) - Data Scientist,applied,ok,2026-07-15T09:40:03+00:00
TRAD_7b02978199b1,occupation,OCC_648dbc6a23f2,REMOTEOK,General Consideration Upload Your Resume Here,Candidature spontanée - Téléversez votre CV ici,applied,ok,2026-07-15T09:40:03+00:00
TRAD_e1f792434f34,occupation,OCC_233642eb3870,REMOTEOK,Social Media Coordinator,Coordinateur / Coordinatrice des réseaux sociaux,applied,ok,2026-07-15T09:40:03+00:00
TRAD_d45fa8d4e72f,occupation,OCC_0a2af15c9ee4,REMOTEOK,Director of Customer Success,Directeur / Directrice de la réussite client,applied,ok,2026-07-15T09:40:03+00:00
TRAD_0b221ae35885,occupation,OCC_5ee620e6a9b5,REMOTEOK,Illustrator,Illustrator,applied,nom propre conservé (non traduit),2026-07-15T09:40:03+00:00
TRAD_945e454adf95,occupation,OCC_27a8e3b4d62c,REMOTEOK,Billing Specialist,Spécialiste en facturation,applied,ok,2026-07-15T09:40:03+00:00
TRAD_8613fac99449,occupation,OCC_65f7753cbd14,REMOTEOK,Educational Programs Administrator,Administrateur / Administratrice de programmes éducatifs,applied,ok,2026-07-15T09:40:03+00:00
TRAD_d665dea4e786,occupation,OCC_5752988aa7ff,REMOTEOK,Key Accounts Executive,Chargé(e) de comptes clés,applied,ok,2026-07-15T09:40:03+00:00
TRAD_5115caf23e17,occupation,OCC_54b4adbd8f80,ARBEITNOW,Manager:in Kooperationen Jugend- & Frauenbasketball (all genders) in Vollzeit,Manager Coopérations - Basketball Jeunes et Féminin (tous genres) - Temps plein,applied,ok,2026-07-15T09:40:03+00:00
TRAD_583dad5f083a,occupation,OCC_3b84fd707ab1,ARBEITNOW,Senior Game Designer - Solitaire TriPeaks (Systems & Economy) - Fully Remote,Game Designer senior - Solitaire TriPeaks (Systèmes et économie) - Télétravail intégral,applied,ok,2026-07-15T09:40:03+00:00
TRAD_25170b8e0d19,occupation,OCC_dcfbee0bf2e2,ARBEITNOW,Microsoft 365 Administrator (m/w/d),Administrateur / Administratrice Microsoft 365 (H/F/D),applied,ok,2026-07-15T09:40:03+00:00
TRAD_f124f0c37d6e,occupation,OCC_30add5f5757a,ARBEITNOW,LIMS Consultant & Validation Expert (m/w/d),Consultant(e) LIMS et expert(e) en validation (H/F/D),applied,ok,2026-07-15T09:40:03+00:00
TRAD_36fd6adb33e9,occupation,OCC_4533932080ae,ARBEITNOW,Werkstudent Softwareentwicklung - Interne Tools & Automatisierung (m/w/d),Étudiant(e) salarié(e) - Développement logiciel - Outils internes et automatisation (H/F/D),applied,ok,2026-07-15T09:40:03+00:00
TRAD_d3b7ec1f91cf,occupation,OCC_4720bfd4a2a0,ARBEITNOW,Konstrukteur (m/w/d),Concepteur / Conceptrice mécanique (H/F/D),applied,ok,2026-07-15T09:40:03+00:00
TRAD_8afa307e7886,occupation,OCC_fafcc7c3e7fc,ARBEITNOW,"Steuerberater (m/w/d) in Hambrücken, auf Wunsch mit Partnerperspektive, gesucht - mindestens 90.000€","Conseiller fiscal / Conseillère fiscale (H/F/D) recherché(e) à Hambrücken, avec perspective d'association sur demande - à partir de 90 000 €",applied,ok,2026-07-15T09:40:03+00:00
TRAD_ae6fd26b7120,occupation,OCC_e00f15cbde09,ARBEITNOW,"Steuerberater (m/w/d) in Gerbrunn, auf Wunsch mit Partnerperspektive, gesucht - mindestens 90.000€","Conseiller fiscal / Conseillère fiscale (H/F/D) recherché(e) à Gerbrunn, avec perspective d'association sur demande - à partir de 90 000 €",applied,ok,2026-07-15T09:40:03+00:00
TRAD_11778e80cf8f,occupation,OCC_134082e9f91e,ARBEITNOW,"Steuerberater (m/w/d) in Ditzingen, auf Wunsch mit Partnerperspektive, gesucht - mindestens 90.000€","Conseiller fiscal / Conseillère fiscale (H/F/D) recherché(e) à Ditzingen, avec perspective d'association sur demande - à partir de 90 000 €",applied,ok,2026-07-15T09:40:03+00:00
TRAD_3efc6be9db88,occupation,OCC_6330162b9a2c,ARBEITNOW,"Steuerberater (m/w/d) in Winsen, auf Wunsch mit Partnerperspektive, gesucht - mindestens 90.000€","Conseiller fiscal / Conseillère fiscale (H/F/D) recherché(e) à Winsen, avec perspective d'association sur demande - à partir de 90 000 €",applied,ok,2026-07-15T09:40:03+00:00
TRAD_221e1422d795,occupation,OCC_db9f949d0e8c,ARBEITNOW,"Steuerberater (m/w/d) in Mühlingen, auf Wunsch mit Partnerperspektive, gesucht - mindestens 90.000€","Conseiller fiscal / Conseillère fiscale (H/F/D) recherché(e) à Mühlingen, avec perspective d'association sur demande - à partir de 90 000 €",applied,ok,2026-07-15T09:40:03+00:00
TRAD_2e2fd0ca6de5,occupation,OCC_ad4e7c4a6214,ARBEITNOW,"Steuerberater (m/w/d) in Ostrach, auf Wunsch mit Partnerperspektive, gesucht - mindestens 90.000€","Conseiller fiscal / Conseillère fiscale (H/F/D) recherché(e) à Ostrach, avec perspective d'association sur demande - à partir de 90 000 €",applied,ok,2026-07-15T09:40:03+00:00
TRAD_60d97a0156f8,occupation,OCC_0a3688dc2883,ARBEITNOW,"Steuerberater (m/w/d) in Glattbach, auf Wunsch mit Partnerperspektive, gesucht - mindestens 90.000€","Conseiller fiscal / Conseillère fiscale (H/F/D) recherché(e) à Glattbach, avec perspective d'association sur demande - à partir de 90 000 €",applied,ok,2026-07-15T09:40:03+00:00
TRAD_78158c68b4b1,occupation,OCC_60ade13e6a43,ARBEITNOW,"Steuerberater (m/w/d) in Fachbach, auf Wunsch mit Partnerperspektive, gesucht - mindestens 90.000€","Conseiller fiscal / Conseillère fiscale (H/F/D) recherché(e) à Fachbach, avec perspective d'association sur demande - à partir de 90 000 €",applied,ok,2026-07-15T09:40:03+00:00
TRAD_ea562031e812,occupation,OCC_8a59698ac78b,ARBEITNOW,Junior Baumanager Wind / Junior Construction Manager Wind (m/w/d),Chef de projet construction junior - Éolien (H/F/D),applied,ok,2026-07-15T09:40:03+00:00
TRAD_42d1b628e7d1,occupation,OCC_941dbc8e121c,ARBEITNOW,Google-Ads Account Manager | Fokus E-Commerce (m/w/d) | Frankfurt am Main,Gestionnaire de compte Google Ads | Spécialisation e-commerce (H/F/D) | Frankfurt am Main,applied,ok,2026-07-15T09:40:03+00:00
TRAD_9c824af0b62a,occupation,OCC_62809dcd6eb7,ARBEITNOW,"Communication, Brand & Campaign Manager*in (m/w/d)","Responsable Communication, Marque et Campagnes (H/F/D)",applied,ok,2026-07-15T09:40:03+00:00
TRAD_ad154e678d17,occupation,OCC_9fb404d4f622,ARBEITNOW,Junior SEA/Google Ads-Account Manager | E-Commerce Fokus (m/w/d) | Frankfurt am Main,Gestionnaire de compte SEA/Google Ads junior | Spécialisation e-commerce (H/F/D) | Frankfurt am Main,applied,ok,2026-07-15T09:40:03+00:00
TRAD_b732bb002505,occupation,OCC_f75ad6da5f30,ARBEITNOW,Frontend Engineer (m/w/d),Ingénieur(e) Frontend (H/F/D),applied,ok,2026-07-15T09:40:03+00:00
TRAD_05d500396357,occupation,OCC_3568bf427685,ARBEITNOW,"Software Engineer - Automation & Operations (m/w/d, FT)","Ingénieur(e) logiciel - Automatisation et opérations (H/F/D, temps plein)",applied,ok,2026-07-15T09:40:03+00:00
TRAD_dad7df020671,occupation,OCC_61cc9ca73474,ARBEITNOW,Application Support Engineer (f/m/d),Ingénieur(e) support applicatif (H/F/D),applied,ok,2026-07-15T09:40:03+00:00
TRAD_13f6bd7cf9b9,occupation,OCC_97f1b74ad13e,ARBEITNOW,Stress Engineer (m/f/d),Ingénieur(e) calcul de structures (H/F/D),applied,ok,2026-07-15T09:40:03+00:00
TRAD_27d2efa11e15,occupation,OCC_4ea592580d67,ARBEITNOW,Technical Support Engineer - Romania,Ingénieur(e) support technique - Roumanie,applied,ok,2026-07-15T09:40:03+00:00
TRAD_3b5cb22fbcc8,occupation,OCC_61c4c4efb79b,ARBEITNOW,"Lead Social Media Campaigning, in Vollzeit",Responsable des campagnes sur les réseaux sociaux - Temps plein,applied,ok,2026-07-15T09:40:03+00:00
TRAD_b50841e498ce,occupation,OCC_0e0abf26f543,ARBEITNOW,Performance Marketer (m/w/d) - Meta Ads × AI × Creative Strategy | High-AOV E-Commerce,Spécialiste en marketing de performance (H/F/D) - Meta Ads × IA × Stratégie créative | E-commerce à panier moyen élevé,applied,ok,2026-07-15T09:40:03+00:00
TRAD_ec9d751ea693,occupation,OCC_b0b2cac153ee,ARBEITNOW,Growth Marketing Manager (m/w/d) Vollzeit / Remote,Responsable Growth Marketing (H/F/D) - Temps plein / Télétravail,applied,ok,2026-07-15T09:40:03+00:00
TRAD_2f7ee561fb31,occupation,OCC_8adbac8dcb63,ARBEITNOW,"Growth Marketer (m/w/d) Meta Ads für E-Commerce | AI-native Boutique-Agentur, Online Marketing","Spécialiste Growth Marketing (H/F/D) - Meta Ads pour l'e-commerce | Agence boutique native IA, marketing en ligne",applied,ok,2026-07-15T09:40:03+00:00
TRAD_d8744598de62,occupation,OCC_41c17d1e8957,ARBEITNOW,AI Solution Architect (m/w/d),Architecte de solutions IA (H/F/D),applied,ok,2026-07-15T09:40:03+00:00
TRAD_98a365edd15b,occupation,OCC_88496659bc48,ARBEITNOW,Senior Software Engineer / ML Engineer (m/w/x) im Bildungsumfeld / Remote,Ingénieur(e) logiciel senior / Ingénieur(e) ML (H/F/X) - Secteur de l'éducation / Télétravail,applied,ok,2026-07-15T09:40:03+00:00
TRAD_a855dccf01fa,occupation,OCC_e88927698e41,ARBEITNOW,Entwicklungsingenieur (m/w/d) Biosensoren in Mannheim (1701),Ingénieur(e) de développement (H/F/D) - Biocapteurs à Mannheim (1701),applied,ok,2026-07-15T09:40:03+00:00
TRAD_4dab5b7c52ea,occupation,OCC_7f69d3fb1a62,ARBEITNOW,BI Consultant / Power BI & Microsoft Fabric Spezialist (m/w/d),Consultant(e) BI / Spécialiste Power BI et Microsoft Fabric (H/F/D),applied,ok,2026-07-15T09:40:03+00:00
TRAD_493f3dd189ca,occupation,OCC_f006a0e01c67,ARBEITNOW,Purchase Manager / Einkaufsleiter (m/w/d) mit Erfahrung,Responsable des achats (H/F/D) expérimenté(e),applied,ok,2026-07-15T09:40:03+00:00
TRAD_866bbe6ded2a,occupation,OCC_77117619e46e,ARBEITNOW,SOC Consultant (Security Operations Center) (m/w/d),Consultant(e) SOC (Centre des opérations de sécurité) (H/F/D),applied,ok,2026-07-15T09:40:03+00:00
TRAD_d31bd8ddda53,occupation,OCC_8ef1e9943198,ARBEITNOW,"Chatsetter / Vorqualifizierung (m/w/d) - selbstständige, nebenberufliche Tätigkeit","Chatsetter / Préqualification (H/F/D) - activité indépendante, à temps partiel en complément",applied,ok,2026-07-15T09:40:03+00:00
TRAD_9303da791c97,occupation,OCC_5d343c03bfac,ARBEITNOW,Product Owner Agent Assist & User Platforms (m/w/d),Product Owner - Agent Assist et User Platforms (H/F/D),applied,ok,2026-07-15T09:40:03+00:00
TRAD_c287c09720c9,occupation,OCC_b47b635dd3a8,ARBEITNOW,Software Engineer (w/m/d) - Wien | Hamburg | Frankfurt,Ingénieur(e) logiciel (H/F/D) - Vienne | Hambourg | Francfort,applied,ok,2026-07-15T09:40:03+00:00
TRAD_6addf8269fb1,occupation,OCC_9b420ddd07b8,ARBEITNOW,Bauüberwacher Bahn (m/w/d) Oberbau & Konstruktiver Ingenieurbau | München,Surveillant(e) de travaux ferroviaires (H/F/D) - Infrastructure ferroviaire et génie civil structurel | Munich,applied,ok,2026-07-15T09:40:03+00:00
TRAD_1bb1c37ae8b6,occupation,OCC_d13dc12649ed,ARBEITNOW,Co-Team-Lead & Senior Developer (w/m/d) - Hamburg | Frankfurt | Wien,Co-responsable d'équipe et développeur(euse) senior (H/F/D) - Hambourg | Francfort | Vienne,applied,ok,2026-07-15T09:40:03+00:00
TRAD_6c8af79439df,occupation,OCC_d948abd2348d,ARBEITNOW,Digital Campaign Manager,Responsable de campagnes numériques,applied,ok,2026-07-15T09:40:03+00:00
TRAD_739173bc537f,occupation,OCC_1bb89a04e3bf,ARBEITNOW,Robotics / Embedded Software Engineer (m/f/d),Ingénieur(e) en robotique / logiciel embarqué (H/F/D),applied,ok,2026-07-15T09:40:03+00:00
TRAD_603443a41c4c,occupation,OCC_9dfb8a8e4b63,ARBEITNOW,Full Stack Platform Engineer (m/f/d),Ingénieur(e) plateforme Full Stack (H/F/D),applied,ok,2026-07-15T09:40:03+00:00
TRAD_fbf1c2bf2531,occupation,OCC_cf9385ee6570,ARBEITNOW,"Staff Software Engineer - AI Data Platform & Snowflake (d/f/m, Berlin)","Ingénieur(e) logiciel confirmé(e) - Plateforme de données IA et Snowflake (H/F/D, Berlin)",applied,ok,2026-07-15T09:40:03+00:00
TRAD_a733088c224b,occupation,OCC_27e8294e0a68,ARBEITNOW,"Principal Governance, Risk and Compliance (GRC) Architect","Architecte principal(e) Gouvernance, Risque et Conformité (GRC)",applied,ok,2026-07-15T09:40:03+00:00
TRAD_fe31b69b2fbd,occupation,OCC_ea877a4a9a11,ARBEITNOW,Infrastructure Engineer / DevOps (m/w/d),Ingénieur(e) infrastructure / DevOps (H/F/D),applied,ok,2026-07-15T09:40:03+00:00
TRAD_9922583734e2,occupation,OCC_356ac99cca16,ARBEITNOW,Senior Cost Engineer (gn),Ingénieur(e) coûts senior (H/F/D),applied,ok,2026-07-15T09:40:03+00:00
TRAD_daf51100b777,occupation,OCC_ef12d6a864e0,ARBEITNOW,Managed Security Services Advisor (m/w/d),Conseiller / Conseillère en services de sécurité managés (H/F/D),applied,ok,2026-07-15T09:40:03+00:00
TRAD_b9fe91e5b08f,occupation,OCC_8d4b27c92032,ARBEITNOW,"Initiativbewerbung Bau & Infrastruktur (gn) | Bauleiter, Kalkulator, Projektleiter","Candidature spontanée - Construction et infrastructure (H/F/D) | Chef de chantier, métreur, chef de projet",applied,ok,2026-07-15T09:40:03+00:00
TRAD_787bd96d823f,occupation,OCC_45b81edc9b79,ARBEITNOW,Programmierer / Automatisierungstechniker (w/m/d),Programmeur/euse / Technicien(ne) en automatisation (H/F/D),applied,ok,2026-07-15T09:40:03+00:00
TRAD_dbe8186d4f9a,occupation,OCC_498759db14be,ARBEITNOW,Quality Assurance Engineer (m/f/d),Ingénieur(e) assurance qualité (H/F/D),applied,ok,2026-07-15T09:40:03+00:00
TRAD_b5d1f9ccdd7b,occupation,OCC_e52569128fe5,ARBEITNOW,Senior Product Engineer (m/w/d),Ingénieur(e) produit senior (H/F/D),applied,ok,2026-07-15T09:40:03+00:00
TRAD_f1be94bf289a,occupation,OCC_06920ec91fba,ARBEITNOW,"Steuerberater (m/w/d) in Wiesloch, auf Wunsch mit Partnerperspektive, gesucht - mindestens 90.000€","Conseiller fiscal / Conseillère fiscale (H/F/D) recherché(e) à Wiesloch, avec perspective d'association sur demande - à partir de 90 000 €",applied,ok,2026-07-15T09:40:03+00:00
TRAD_ae810d592f62,occupation,OCC_fbfac30acaad,ARBEITNOW,"Steuerberater (m/w/d) in Ayl, auf Wunsch mit Partnerperspektive, gesucht - mindestens 90.000€","Conseiller fiscal / Conseillère fiscale (H/F/D) recherché(e) à Ayl, avec perspective d'association sur demande - à partir de 90 000 €",applied,ok,2026-07-15T09:40:03+00:00
TRAD_e2a95a48d976,occupation,OCC_33a53b79f008,ARBEITNOW,"Steuerberater (m/w/d) in Ingersheim, auf Wunsch mit Partnerperspektive, gesucht - mindestens 90.000€","Conseiller fiscal / Conseillère fiscale (H/F/D) recherché(e) à Ingersheim, avec perspective d'association sur demande - à partir de 90 000 €",applied,ok,2026-07-15T09:40:03+00:00
TRAD_79e30d4415f8,occupation,OCC_82ba9632c664,ARBEITNOW,"Steuerberater (m/w/d) in Gelsenkirchen, auf Wunsch mit Partnerperspektive, gesucht - mindestens 90.000€","Conseiller fiscal / Conseillère fiscale (H/F/D) recherché(e) à Gelsenkirchen, avec perspective d'association sur demande - à partir de 90 000 €",applied,ok,2026-07-15T09:40:03+00:00
TRAD_783e06a4285e,occupation,OCC_9e06edf22e03,ARBEITNOW,"Steuerberater (m/w/d) in Beuren, auf Wunsch mit Partnerperspektive, gesucht - mindestens 90.000€","Conseiller fiscal / Conseillère fiscale (H/F/D) recherché(e) à Beuren, avec perspective d'association sur demande - à partir de 90 000 €",applied,ok,2026-07-15T09:40:03+00:00
TRAD_4adab7440188,occupation,OCC_a50f158911fd,ARBEITNOW,"Steuerberater (m/w/d) in Bruchsal, auf Wunsch mit Partnerperspektive, gesucht - mindestens 90.000€","Conseiller fiscal / Conseillère fiscale (H/F/D) recherché(e) à Bruchsal, avec perspective d'association sur demande - à partir de 90 000 €",applied,ok,2026-07-15T09:40:03+00:00
TRAD_9337147fc78a,occupation,OCC_dbf2e11ea29b,ARBEITNOW,"Steuerberater (m/w/d) in Kusel, auf Wunsch mit Partnerperspektive, gesucht - mindestens 90.000€","Conseiller fiscal / Conseillère fiscale (H/F/D) recherché(e) à Kusel, avec perspective d'association sur demande - à partir de 90 000 €",applied,ok,2026-07-15T09:40:03+00:00
TRAD_7297c59f94e3,occupation,OCC_233cd4d87e99,ARBEITNOW,"Steuerberater (m/w/d) in Lindau, auf Wunsch mit Partnerperspektive, gesucht - mindestens 90.000€","Conseiller fiscal / Conseillère fiscale (H/F/D) recherché(e) à Lindau, avec perspective d'association sur demande - à partir de 90 000 €",applied,ok,2026-07-15T09:40:03+00:00
TRAD_a549c0a18b3c,occupation,OCC_4cf9a4c09f8b,ARBEITNOW,Human Resources Assistant (m/w/d) - Teilzeit 20-25 Wochenstunden,Assistant(e) Ressources Humaines (H/F/D) - Temps partiel 20-25 heures par semaine,applied,ok,2026-07-15T09:40:03+00:00
TRAD_09903ecf871f,occupation,OCC_c81768051e3f,ARBEITNOW,Projektkoordination Softwareprojekte (m/w/d) | Berlin-Mitte | Teilzeit/Vollzeit,Coordinateur / Coordinatrice de projets logiciels (H/F/D) | Berlin-Mitte | Temps partiel/Temps plein,applied,ok,2026-07-15T09:40:03+00:00
TRAD_87064a1bbfea,occupation,OCC_6fc64070190a,ARBEITNOW,Founder's Associate - AI & Process Optimisation (Intern & Fulltime),Associé(e) du fondateur - IA et optimisation des processus (Stage et temps plein),applied,ok,2026-07-15T09:40:03+00:00
TRAD_e5235762e92a,occupation,OCC_3ce7ca6b20a1,ARBEITNOW,Werkstudent*in Webentwicklung und KI-Automatisierung (m/w/d),Étudiant(e) salarié(e) - Développement web et automatisation IA (H/F/D),applied,ok,2026-07-15T09:40:03+00:00
TRAD_e5def6576661,occupation,OCC_6622b2e6404b,ARBEITNOW,Head of Product & Engineering (m/w/d),Directeur / Directrice Produit et Ingénierie (H/F/D),applied,ok,2026-07-15T09:40:03+00:00
TRAD_519e44f8bc4f,occupation,OCC_1b0eea60efa5,ARBEITNOW,"HubSpot CRM Consultant - Sales, Marketing & Service Hub (m/w/d)","Consultant(e) HubSpot CRM - Sales, Marketing & Service Hub (H/F/D)",applied,ok,2026-07-15T09:40:03+00:00
TRAD_2a1dd5066d6c,occupation,OCC_afd726718043,ARBEITNOW,Mechatroniker (m/w/d) für Robotik & Automatisierung,Mécatronicien / Mécatronicienne (H/F/D) - Robotique et automatisation,applied,ok,2026-07-15T09:40:03+00:00
TRAD_cb7d5ccc8b39,occupation,OCC_d4d0cb4ec6d2,ARBEITNOW,Working Student: QA Automation Engineering (m/f/d),Étudiant(e) salarié(e) : Ingénierie d'automatisation QA (H/F/D),applied,ok,2026-07-15T09:40:03+00:00
TRAD_3d8d50c8dfc3,occupation,OCC_1baa9094411a,ARBEITNOW,Video Editor*in GESUCHT! - Freelance / Vollzeit,Monteur / Monteuse vidéo RECHERCHÉ(E) ! - Freelance / Temps plein,applied,ok,2026-07-15T09:40:03+00:00
TRAD_fc986f2402ce,occupation,OCC_b46dac6412d2,ARBEITNOW,Exklusiv: Technischer Property Manager (m/w/d) | hochwertiges Immobilienportfolio | bis ca. 80k € Jahresgehalt | Homeoffice | zentrale Lage in München,Exclusif : Gestionnaire technique de biens immobiliers (H/F/D) | portefeuille immobilier haut de gamme | jusqu'à environ 80 000 € de salaire annuel | télétravail | emplacement central à Munich,applied,ok,2026-07-15T09:40:03+00:00
TRAD_d2506cee58fa,occupation,OCC_ee0ddbbdc92c,ARBEITNOW,Frontend Developer E-Commerce (w/m/d),Développeur / Développeuse Frontend E-Commerce (H/F/D),applied,ok,2026-07-15T09:40:03+00:00
TRAD_a46ce7bb4afe,occupation,OCC_8bf3aa81e931,ARBEITNOW,(Senior) IT Operations Engineer (gn),Ingénieur(e) (senior) IT Operations (H/F/D),applied,ok,2026-07-15T09:40:03+00:00
TRAD_16d22e03665a,occupation,OCC_eb475bc6322d,ARBEITNOW,Lead IT Operations Engineer (gn),Responsable Ingénieur(e) IT Operations (H/F/D),applied,ok,2026-07-15T09:40:03+00:00
TRAD_b565e301bf9b,occupation,OCC_d6208f2780c6,ARBEITNOW,IT Operations Engineer (gn),Ingénieur(e) IT Operations (H/F/D),applied,ok,2026-07-15T09:40:03+00:00
TRAD_580496eb784e,occupation,OCC_a281f922ffc2,ARBEITNOW,Werkstudent Product Owner für Softwareprojekte (m/w/d),Étudiant(e) salarié(e) - Product Owner pour projets logiciels (H/F/D),applied,ok,2026-07-15T09:40:03+00:00
TRAD_8db0095a1714,occupation,OCC_fe42133b7839,ARBEITNOW,Senior Machine Learning Engineer (m/f/*),Ingénieur(e) senior en apprentissage automatique (H/F/*),applied,ok,2026-07-15T09:40:03+00:00
TRAD_8c0ac34f9364,occupation,OCC_9815254a36b8,ARBEITNOW,Werkstudent Retail Media / Marketplace (m/w/d),Étudiant(e) salarié(e) - Retail Media / Marketplace (H/F/D),applied,ok,2026-07-15T09:40:03+00:00
TRAD_f09aae2386da,occupation,OCC_42f9463eb1fd,ARBEITNOW,Senior Product Marketing Manager Sea Domain (m/f/d),Responsable senior Marketing Produit - Secteur maritime (H/F/D),applied,ok,2026-07-15T09:40:03+00:00
TRAD_4b86c7b24422,occupation,OCC_e2001adaaee2,ARBEITNOW,"Senior Engineering Manager, Supply Domain (all genders)","Responsable d'ingénierie senior, Domaine Supply (tous genres)",applied,ok,2026-07-15T09:40:03+00:00
TRAD_cf0d735edc5b,occupation,OCC_14a3530bfb4b,ARBEITNOW,"Engineering Manager, Search Engine (all genders)","Responsable d'ingénierie, Moteur de recherche (tous genres)",applied,ok,2026-07-15T09:40:03+00:00
TRAD_df43ae91e96a,occupation,OCC_9008cb4647bc,ARBEITNOW,Arbeitsvorbereiter (m/w/d),Préparateur / Préparatrice de travaux (H/F/D),applied,ok,2026-07-15T09:40:03+00:00
TRAD_e5f12dbf5d3c,occupation,OCC_acc0d4bfbc80,ARBEITNOW,Werkstudent:in Product & Venture Building,Étudiant(e) salarié(e) - Product & Venture Building,applied,ok,2026-07-15T09:40:03+00:00
TRAD_84401f2f24bf,occupation,OCC_1acf41114c03,ARBEITNOW,Projektleiter (m/w/d) Elektrotechnik | Köln,Chef de projet (H/F/D) Électrotechnique | Cologne,applied,ok,2026-07-15T09:40:03+00:00
TRAD_6638a0c9ecda,occupation,OCC_8d76388f9989,ARBEITNOW,(Lead/Senior) Technical Product Manager - Platform Engineering (m/f/d),Chef de produit technique (Lead/Senior) - Ingénierie plateforme (H/F/D),applied,ok,2026-07-15T09:40:03+00:00
TRAD_acfc09a21c57,occupation,OCC_92cd67638b85,ARBEITNOW,Ingenieur / Techniker (m/w/d) Entwicklung Disposables Pharma (1522),"Ingénieur / Technicien (H/F/D) - Développement de dispositifs médicaux jetables, Pharma (1522)",applied,ok,2026-07-15T09:40:03+00:00
TRAD_c39465a9a29f,occupation,OCC_9608b318f986,ARBEITNOW,Software Engineer (f/m/x) - TypeScript (NestJS or React),Ingénieur(e) logiciel (H/F/X) - TypeScript (NestJS ou React),applied,ok,2026-07-15T09:40:03+00:00
TRAD_3af3bd3e884e,occupation,OCC_31e13a095c73,ARBEITNOW,Technical Project Manager Heartbeat AI (m/f/d),Chef de projet technique - Heartbeat AI (H/F/D),applied,ok,2026-07-15T09:40:03+00:00
TRAD_2578bce22bec,occupation,OCC_28dd680bb4ca,ARBEITNOW,Bauleiter (m/w/d),Chef de chantier (H/F/D),applied,ok,2026-07-15T09:40:03+00:00
TRAD_9376125f78f0,occupation,OCC_337c349a44d6,ARBEITNOW,Praktikum im Bereich Prototyping & Data für Automotive Computer Vision,Stage dans le domaine du prototypage et des données pour la vision par ordinateur automobile,applied,ok,2026-07-15T09:40:03+00:00
TRAD_eb97459f4bf4,occupation,OCC_311501439fae,ARBEITNOW,C++ Software Architect (m/f/d) Tool Path Calculation,Architecte logiciel C++ (H/F/D) - Calcul de trajectoires d'outils,applied,ok,2026-07-15T09:40:03+00:00
TRAD_0b1171666db9,occupation,OCC_3cacf2bb2b93,ARBEITNOW,Fachinformatiker für Systemintegration (m/w/d),Informaticien(ne) spécialisé(e) en intégration de systèmes (H/F/D),applied,ok,2026-07-15T09:40:03+00:00
TRAD_827731650698,occupation,OCC_e8eadf46f8fb,ARBEITNOW,Leitung IT-Infrastruktur (m/w/d),Direction Infrastructure IT (H/F/D),applied,ok,2026-07-15T09:40:03+00:00
TRAD_3edb27932498,occupation,OCC_e4a8a5aa915e,ARBEITNOW,Steuerfachangestellte o. Entgeltabrechnerin (w/m/d) mit Homeoffice-Anteil,Assistant(e) fiscal(e) ou gestionnaire de paie (H/F/D) avec possibilité de télétravail,applied,ok,2026-07-15T09:40:03+00:00
TRAD_6faf9fe49a5d,occupation,OCC_10dc41f6953f,ARBEITNOW,Platform Engineer / DevOps (m/f/d) | AI GovTech Startup | Munich,Ingénieur(e) plateforme / DevOps (H/F/D) | Startup GovTech IA | Munich,applied,ok,2026-07-15T09:40:03+00:00
TRAD_0d3b0405550c,occupation,OCC_9c4c117df5f8,ARBEITNOW,Teamleiter (m/w/d) Finance in Voll- oder Teilzeit,Chef d'équipe (H/F/D) Finance à temps plein ou partiel,applied,ok,2026-07-15T09:40:03+00:00
TRAD_c05a04cdfda3,occupation,OCC_0c906d3158a6,ARBEITNOW,Marketing Manager B2B IT / Managed Services (m/w/d) - 1435,Responsable marketing B2B IT / Services managés (H/F/D) - 1435,applied,ok,2026-07-15T09:40:03+00:00
TRAD_248e3922fc0c,occupation,OCC_6873fd65a786,ARBEITNOW,Betoninstandsetzer (gn),Réparateur / Réparatrice de béton (H/F/D),applied,ok,2026-07-15T09:40:03+00:00
TRAD_654440411d91,occupation,OCC_ab046c951cca,ARBEITNOW,Founding Backend Engineer(Go),Ingénieur(e) Backend fondateur (Go),applied,ok,2026-07-15T09:40:03+00:00
TRAD_156d5cc5c000,occupation,OCC_e85f85137c9a,ARBEITNOW,Fachkraft für Arbeitssicherheit (mensch) Niedersachsen,Chargé(e) de sécurité au travail - Basse-Saxe,applied,ok,2026-07-15T09:40:03+00:00
TRAD_4ac2ab91f87d,occupation,OCC_e2d3585c9ee5,ARBEITNOW,Fachkraft für Arbeitssicherheit (mensch) Saschsen-Anhalt,Chargé(e) de sécurité au travail - Saxe-Anhalt,applied,ok,2026-07-15T09:40:03+00:00
TRAD_cc49e52db551,occupation,OCC_4a7e79aa5d4f,ARBEITNOW,Software Engineer (m/f/d),Ingénieur(e) logiciel (H/F/D),applied,ok,2026-07-15T09:40:03+00:00
TRAD_94a18ece8f57,occupation,OCC_6ede733bf14e,ARBEITNOW,Leitung für exklusives Kosmetik-Institut (m/w/d) in Vollzeit in München-Bogenhausen,Direction pour institut de beauté exclusif (H/F/D) à temps plein à Munich-Bogenhausen,applied,ok,2026-07-15T09:40:03+00:00
TRAD_f9596ac6b255,occupation,OCC_7b06230b6c8b,ARBEITNOW,Internship Global Product Management (m/f/d),Stage en gestion de produit à l'international (H/F/D),applied,ok,2026-07-15T09:40:03+00:00
TRAD_515c3c43f1ce,occupation,OCC_43958fcde9b9,ARBEITNOW,Senior AI Engineering Consultant (w/m/d),Consultant(e) senior en ingénierie IA (H/F/D),applied,ok,2026-07-15T09:40:03+00:00
TRAD_48fbc23b0cc7,occupation,OCC_341bd728b0ae,ARBEITNOW,"AI Engineer (m/f/d) - Full Stack, TypeScript / Nuxt / Next / Vue / React","Ingénieur(e) IA (H/F/D) - Full Stack, TypeScript / Nuxt / Next / Vue / React",applied,ok,2026-07-15T09:40:03+00:00
TRAD_4b663d793c23,occupation,OCC_dc37b8bdabd2,ARBEITNOW,Internship Product Portfolio Management (m/f/d),Stage en gestion de portefeuille de produits (H/F/D),applied,ok,2026-07-15T09:40:03+00:00
TRAD_c52fdadbdaa4,occupation,OCC_c8e3c9cb6c38,ARBEITNOW,Senior IT Administrator (m/w/d),Administrateur / Administratrice IT senior (H/F/D),applied,ok,2026-07-15T09:40:03+00:00
TRAD_99548beec1bd,occupation,OCC_ccb65c46f869,ARBEITNOW,IT-System Engineer (m/w/d),Ingénieur(e) systèmes IT (H/F/D),applied,ok,2026-07-15T09:40:03+00:00
TRAD_3533f30e5a2f,occupation,OCC_aa7fe0e12132,ARBEITNOW,Fachverkäufer (m/w/d) Vollzeit/Teilzeit,Vendeur / Vendeuse spécialisé(e) à temps plein/temps partiel,applied,ok,2026-07-15T09:40:03+00:00
TRAD_28fd2e3edab3,occupation,OCC_f78b1a76ee03,ARBEITNOW,Working Student Product Designer (m/w/d),Étudiant(e) salarié(e) - Designer Produit (H/F/D),applied,ok,2026-07-15T09:40:03+00:00
TRAD_2b41075faac0,occupation,OCC_4f5b19d65580,ARBEITNOW,Market & Regulation Analyst Intern/Werkstudent @Atmen,Stagiaire / Étudiant(e) salarié(e) - Analyste marché et réglementation @Atmen,applied,ok,2026-07-15T09:40:03+00:00
TRAD_e4fd87e9a5b4,occupation,OCC_bd8b9e27b797,ARBEITNOW,Quantitative Analyst & Financial Modeller (x/w/m),Analyste quantitatif / Modélisateur financier (H/F/X),applied,ok,2026-07-15T09:40:03+00:00
TRAD_c3261859b8c7,occupation,OCC_7e563be9002e,ARBEITNOW,Senior Sales Consultant - Vollzeit (German Speaking),Consultant(e) commercial(e) senior - Temps plein (germanophone),applied,ok,2026-07-15T09:40:03+00:00
TRAD_db407befdaff,occupation,OCC_5ba0f9300746,ARBEITNOW,Teamleiter (m/w/d) Forschung und Entwicklung Tools & Infrastruktur,Chef d'équipe (H/F/D) Recherche et Développement - Outils et Infrastructure,applied,ok,2026-07-15T09:40:03+00:00
TRAD_16bc106d4bbc,occupation,OCC_2efdbd1cf825,ARBEITNOW,Technischer Immobilienmanager/Gebäudemanagement Standort Fulda/Würzburg,Gestionnaire technique de biens immobiliers / Gestion de bâtiments - Sites Fulda/Wurtzbourg,applied,ok,2026-07-15T09:40:03+00:00
TRAD_21f01534d3a2,occupation,OCC_db825f177c46,ARBEITNOW,Office Manager (m/w/d) mit dem Schwerpunkt Personal & Organisation,Office Manager (H/F/D) spécialisé(e) en Personnel et Organisation,applied,ok,2026-07-15T09:40:03+00:00
TRAD_72fe70ed62e8,occupation,OCC_b7c0ba682bd6,ARBEITNOW,Operations Manager Facility & Tenant Services (m/w/d),Responsable des opérations - Services aux bâtiments et locataires (H/F/D),applied,ok,2026-07-15T09:40:03+00:00
TRAD_d40f049c2799,occupation,OCC_0c71507b3ef9,ARBEITNOW,Tester:in,Testeur / Testeuse,applied,ok,2026-07-15T09:40:03+00:00
TRAD_df52f522dd52,occupation,OCC_4723bd332f04,ARBEITNOW,Entwickler für analoge Hardware (m/w/d),Développeur / Développeuse en matériel analogique (H/F/D),applied,ok,2026-07-15T09:40:03+00:00
TRAD_8b8940256e3a,occupation,OCC_aca1a4cafa57,ARBEITNOW,Entwicklungsingenieur (m/w/d) FPGA,Ingénieur(e) de développement (H/F/D) FPGA,applied,ok,2026-07-15T09:40:03+00:00
TRAD_7f62882505e0,occupation,OCC_4d34f0a4a62c,ARBEITNOW,Teamleitung Netzplanung geförderter Glasfaserausbau (m/w/d),"Chef d'équipe - Planification réseau, déploiement fibre optique subventionné (H/F/D)",applied,ok,2026-07-15T09:40:03+00:00
TRAD_07a8d392a598,occupation,OCC_d3c27b2b3e2b,ARBEITNOW,HR Generalist mit Schwerpunkt Entgeltabrechnung (m/w/d),Généraliste RH spécialisé(e) en gestion de la paie (H/F/D),applied,ok,2026-07-15T09:40:03+00:00
TRAD_717a210c77ae,occupation,OCC_0ae55a601c37,ARBEITNOW,Trainee Artist Manager / Influencer Manager (m/w/d),Stagiaire Manager Artiste / Manager Influenceur (H/F/D),applied,ok,2026-07-15T09:40:03+00:00
TRAD_84a57c83e684,occupation,OCC_5cd299d6d5a8,ARBEITNOW,Software-Ingenieur PCS7 Elektrotechnik (m/w/d),Ingénieur(e) logiciel PCS7 - Électrotechnique (H/F/D),applied,ok,2026-07-15T09:40:03+00:00
TRAD_e13f1e9479fa,occupation,OCC_3f1f438816f3,ARBEITNOW,Werkstudent (m/w/d) im Marketing mit Schwerpunkt Social Media & Content Creation,"Étudiant(e) salarié(e) (H/F/D) en marketing, spécialisé(e) en réseaux sociaux et création de contenu",applied,ok,2026-07-15T09:40:03+00:00
TRAD_2f3acbeab391,occupation,OCC_c49207ccbbab,ARBEITNOW,"Fullstack Software Entwickler Java, Angular (m/w/d)","Développeur / Développeuse logiciel Fullstack Java, Angular (H/F/D)",applied,ok,2026-07-15T09:40:03+00:00
TRAD_8ddd7006e773,occupation,OCC_6065b7acaf02,ARBEITNOW,Software Developer (m/w/d)- Schwerpunkt Angular,Développeur / Développeuse logiciel (H/F/D) - Spécialisation Angular,applied,ok,2026-07-15T09:40:03+00:00
TRAD_71b4d5949490,occupation,OCC_cbba626eede9,ARBEITNOW,Senior Software Developer (m/w/d),Développeur / Développeuse logiciel senior (H/F/D),applied,ok,2026-07-15T09:40:03+00:00
TRAD_b708a5455ab2,occupation,OCC_a06c1a2b7a1b,ARBEITNOW,Ausbildung zum Fachinformatiker für Systemintegration (m/w/d),Formation d'informaticien(ne) spécialisé(e) en intégration de systèmes (H/F/D),applied,ok,2026-07-15T09:40:03+00:00
TRAD_a663d9cae193,skill,SKL_b112fb9ebdb1,REMOTEOK,analyst,Analyste,applied,ok,2026-07-15T09:40:03+00:00
TRAD_d0d1faa57bbe,skill,SKL_7e50efb567c8,REMOTEOK,design,Design,applied,nom propre conservé (non traduit),2026-07-15T09:40:03+00:00
TRAD_61008cdfb506,skill,SKL_f250392a2a71,REMOTEOK,sys admin,Administrateur / Administratrice système,applied,ok,2026-07-15T09:40:03+00:00
TRAD_08c15681bde5,skill,SKL_ed7e4b1c32ba,REMOTEOK,architecture,Architecture,applied,nom propre conservé (non traduit),2026-07-15T09:40:03+00:00
TRAD_1f34ff7e9766,skill,SKL_5753e2f0e844,REMOTEOK,technical,Technique,applied,ok,2026-07-15T09:40:03+00:00
TRAD_872ad705d61f,skill,SKL_64ba4e5d0b07,REMOTEOK,recruiter,Recruteur / Recruteuse,applied,ok,2026-07-15T09:40:03+00:00
TRAD_d22a33a7884f,skill,SKL_7432b46283a1,REMOTEOK,testing,Tests,applied,ok,2026-07-15T09:40:03+00:00
TRAD_dc5a3678708c,skill,SKL_e13dc4494db1,REMOTEOK,finance,Finance,applied,nom propre conservé (non traduit),2026-07-15T09:40:03+00:00
TRAD_e583916220cf,skill,SKL_3afb9e9c5ef2,REMOTEOK,api,API,applied,nom propre conservé (non traduit),2026-07-15T09:40:03+00:00
TRAD_83112fb6ef9f,skill,SKL_e0e7d59ee005,REMOTEOK,exec,Direction,applied,ok,2026-07-15T09:40:03+00:00
TRAD_743bfb87b99b,skill,SKL_6ee8666ca5d9,REMOTEOK,ops,Opérations,applied,ok,2026-07-15T09:40:03+00:00
TRAD_8eef082484cf,skill,SKL_b9ca6834eaec,REMOTEOK,full time,Temps plein,applied,ok,2026-07-15T09:40:03+00:00
TRAD_b044e44b13a6,skill,SKL_2ec359c8eaed,REMOTEOK,digital nomad,Nomade numérique,applied,ok,2026-07-15T09:40:03+00:00
TRAD_7529318d55c8,skill,SKL_b2deeff6decf,REMOTEOK,hr,RH,applied,ok,2026-07-15T09:40:03+00:00
TRAD_8f9ba71a5d86,skill,SKL_b1d2e416f4ce,REMOTEOK,data entry,Saisie de données,applied,ok,2026-07-15T09:40:03+00:00
TRAD_de624f3014f8,skill,SKL_bb0642a0801c,REMOTEOK,dev,Développement,applied,ok,2026-07-15T09:40:03+00:00
TRAD_441ebb90df72,skill,SKL_1404972f7341,REMOTEOK,marketing,Marketing,applied,nom propre conservé (non traduit),2026-07-15T09:40:03+00:00
TRAD_e8b6caa5ca2a,skill,SKL_fe96e3f37fe3,REMOTEOK,microsoft,Microsoft,applied,nom propre conservé (non traduit),2026-07-15T09:40:03+00:00
TRAD_c7b4b1561793,skill,SKL_7bb7e2c943e5,REMOTEOK,education,Éducation,applied,ok,2026-07-15T09:40:03+00:00
TRAD_68f5096cd3ff,skill,SKL_ecdb6d643f18,REMOTEOK,customer support,Support client,applied,ok,2026-07-15T09:40:03+00:00
TRAD_d9d8e7c605b8,skill,SKL_f38bef9250a4,REMOTEOK,medical,Médical,applied,ok,2026-07-15T09:40:03+00:00
TRAD_152660d7e942,skill,SKL_bf08f483d375,REMOTEOK,travel,Voyage,applied,ok,2026-07-15T09:40:03+00:00
TRAD_96fb0d04b486,skill,SKL_c6fcaacc43af,REMOTEOK,accounting,Comptabilité,applied,ok,2026-07-15T09:40:03+00:00
TRAD_ce0506f76b65,skill,SKL_21b305b59f6a,REMOTEOK,virtual assistant,Assistant(e) virtuel(le),applied,ok,2026-07-15T09:40:03+00:00
TRAD_5be443a57038,skill,SKL_e71610d5e32e,REMOTEOK,excel,Excel,applied,nom propre conservé (non traduit),2026-07-15T09:40:03+00:00
TRAD_1526fe03a161,skill,SKL_4bf7e2a718e9,REMOTEOK,teaching,Enseignement,applied,ok,2026-07-15T09:40:03+00:00
TRAD_08281d96e2e2,skill,SKL_d0ef8b10d57d,REMOTEOK,english teacher,Professeur d'anglais,applied,ok,2026-07-15T09:40:03+00:00
TRAD_c59d2a762649,skill,SKL_20f6d11b3b14,REMOTEOK,non tech,Non technique,applied,ok,2026-07-15T09:40:03+00:00
TRAD_ada93829202d,skill,SKL_8a1e073d3c8a,REMOTEOK,vfx,VFX,applied,nom propre conservé (non traduit),2026-07-15T09:40:03+00:00
TRAD_18343b681487,skill,SKL_559135a52bc5,REMOTEOK,transcribing,Transcription,applied,ok,2026-07-15T09:40:03+00:00
TRAD_bbb87427d99c,skill,SKL_925593027168,REMOTEOK,speech,Parole,applied,ok,2026-07-15T09:40:03+00:00
TRAD_223179ca54f9,skill,SKL_5c7a23d0b779,REMOTEOK,senior,Senior,applied,nom propre conservé (non traduit),2026-07-15T09:40:03+00:00
TRAD_88aac7a2e9c9,skill,SKL_8c9a63652154,REMOTEOK,assembly,Assembleur,applied,ok,2026-07-15T09:40:03+00:00
TRAD_23583fe272e4,skill,SKL_ab8be6509b6e,REMOTEOK,mobile,Mobile,applied,nom propre conservé (non traduit),2026-07-15T09:40:03+00:00
TRAD_a5b3db45c5d0,skill,SKL_2186e643bdac,REMOTEOK,sales,Ventes,applied,ok,2026-07-15T09:40:03+00:00
TRAD_8ee6c137b270,skill,SKL_e086b66b31f9,REMOTEOK,coordinator,Coordinateur / Coordinatrice,applied,ok,2026-07-15T09:40:03+00:00
TRAD_357aeca056f1,skill,SKL_0c49b0ae26a5,REMOTEOK,social media,Réseaux sociaux,applied,ok,2026-07-15T09:40:03+00:00
TRAD_e831e68a191f,skill,SKL_c3e6c3cb78ff,REMOTEOK,data science,Science des données,applied,ok,2026-07-15T09:40:03+00:00
TRAD_c5dcf111745e,skill,SKL_460c04dcc0af,REMOTEOK,front end,Front-end,applied,ok,2026-07-15T09:40:03+00:00
TRAD_1a64862c2f7f,skill,SKL_77719d253c0f,REMOTEOK,designer,Designer,applied,nom propre conservé (non traduit),2026-07-15T09:40:03+00:00
TRAD_308ec8128532,skill,SKL_1294736fa718,REMOTEOK,web dev,Développement web,applied,ok,2026-07-15T09:40:03+00:00
TRAD_1c9a8c471c79,skill,SKL_e5edcdb998db,REMOTEOK,css,CSS,applied,nom propre conservé (non traduit),2026-07-15T09:40:03+00:00
TRAD_4c501d52d63f,skill,SKL_a26645af99c4,REMOTEOK,html,HTML,applied,nom propre conservé (non traduit),2026-07-15T09:40:03+00:00
TRAD_54c1a8973469,skill,SKL_95c22dc3a485,REMOTEOK,controller,Contrôleur / Contrôleuse,applied,ok,2026-07-15T09:40:03+00:00
TRAD_65e2dccc2ae3,skill,SKL_e9192bd08953,REMOTEOK,engineer,Ingénieur / Ingénieure,applied,ok,2026-07-15T09:40:03+00:00
TRAD_3a271cdc00b5,skill,SKL_e873316e9d07,REMOTEOK,infosec,Sécurité informatique,applied,ok,2026-07-15T09:40:03+00:00
TRAD_34401e241203,skill,SKL_c7bba98af322,REMOTEOK,legal,Juridique,applied,ok,2026-07-15T09:40:03+00:00
TRAD_c8b985d6395f,skill,SKL_7288c359cbfa,REMOTEOK,product manager,Chef de produit,applied,ok,2026-07-15T09:40:03+00:00
TRAD_cc130e0e6505,skill,SKL_3add25dbe1f5,REMOTEOK,cloud,Cloud,applied,nom propre conservé (non traduit),2026-07-15T09:40:03+00:00
TRAD_715b96e95525,skill,SKL_b9981c33f01a,REMOTEOK,stats,Statistiques,applied,ok,2026-07-15T09:40:03+00:00
TRAD_0abc8681aaa0,skill,SKL_2d221cdc9478,REMOTEOK,ecommerce,E-commerce,applied,ok,2026-07-15T09:40:03+00:00
TRAD_34b215b2fff9,skill,SKL_1077e775c12c,REMOTEOK,seo,SEO,applied,nom propre conservé (non traduit),2026-07-15T09:40:03+00:00
TRAD_788f6de68790,skill,SKL_4f8d92e210a1,REMOTEOK,content writing,Rédaction de contenu,applied,ok,2026-07-15T09:40:03+00:00
TRAD_2518c773ec75,skill,SKL_6eaf14dba0ea,REMOTEOK,video,Vidéo,applied,ok,2026-07-15T09:40:03+00:00
TRAD_084f00182b7c,skill,SKL_a0415d24d75d,REMOTEOK,jira,Jira,applied,nom propre conservé (non traduit),2026-07-15T09:40:03+00:00
TRAD_a336df6c51cb,skill,SKL_2eb50898764d,REMOTEOK,admin,Administration,applied,ok,2026-07-15T09:40:03+00:00
TRAD_e55c34444fa0,skill,SKL_39b720afc8ef,REMOTEOK,math,Mathématiques,applied,ok,2026-07-15T09:40:03+00:00
TRAD_da493175a634,skill,SKL_86c8421224d8,REMOTEOK,linguistics,Linguistique,applied,ok,2026-07-15T09:40:03+00:00
TRAD_398f3ac553b7,skill,SKL_3c5062886f58,REMOTEOK,quality assurance,Assurance qualité,applied,ok,2026-07-15T09:40:03+00:00
TRAD_80339f24b465,skill,SKL_4999785538a5,REMOTEOK,strategy,Stratégie,applied,ok,2026-07-15T09:40:03+00:00
TRAD_068c1d738028,skill,SKL_d1f98460281a,REMOTEOK,photoshop,Photoshop,applied,nom propre conservé (non traduit),2026-07-15T09:40:03+00:00
TRAD_fcb1624f865c,skill,SKL_89a6131b45c1,REMOTEOK,python,Python,applied,nom propre conservé (non traduit),2026-07-15T09:40:03+00:00
TRAD_3195a9732866,skill,SKL_9557509c578d,REMOTEOK,game dev,Développement de jeux vidéo,applied,ok,2026-07-15T09:40:03+00:00
TRAD_5fe6f70d05f7,skill,SKL_4ee450fb1956,REMOTEOK,c,C,applied,nom propre conservé (non traduit),2026-07-15T09:40:03+00:00
TRAD_73c56be285ab,skill,SKL_70ded94e0524,REMOTEOK,c plus plus,C++,applied,ok,2026-07-15T09:40:03+00:00
TRAD_42a4e04b15f8,skill,SKL_0ba42fd4778d,REMOTEOK,robotics,Robotique,applied,ok,2026-07-15T09:40:03+00:00
TRAD_a65a750c3d97,skill,SKL_671db98b469f,REMOTEOK,music,Musique,applied,ok,2026-07-15T09:40:03+00:00
TRAD_1358ced5ef1a,skill,SKL_104023a06bb4,REMOTEOK,internship,Stage,applied,ok,2026-07-15T09:40:03+00:00
TRAD_2ccbc6a20e3a,skill,SKL_5ee620e6a9b5,REMOTEOK,illustrator,Illustrator,applied,nom propre conservé (non traduit),2026-07-15T09:40:03+00:00
TRAD_860d7ff17ab0,skill,SKL_dd349b83dd94,REMOTEOK,consulting,Conseil,applied,ok,2026-07-15T09:40:03+00:00
TRAD_d93169be5832,skill,SKL_e6786424a536,REMOTEOK,salesforce,Salesforce,applied,nom propre conservé (non traduit),2026-07-15T09:40:03+00:00
TRAD_e68c7ed028aa,skill,SKL_9913c0ce8174,REMOTEOK,ads,Publicités,applied,ok,2026-07-15T09:40:03+00:00
TRAD_37b904d65f14,skill,SKL_715f3c40bd8e,REMOTEOK,saas,SaaS,applied,nom propre conservé (non traduit),2026-07-15T09:40:03+00:00
TRAD_187b6aa7259a,skill,SKL_344e6019936e,REMOTEOK,wordpress,WordPress,applied,nom propre conservé (non traduit),2026-07-15T09:40:03+00:00
TRAD_ea2243c82eac,skill,SKL_014899ec0243,REMOTEOK,golang,Golang,applied,nom propre conservé (non traduit),2026-07-15T09:40:03+00:00
TRAD_9ce16df63342,skill,SKL_78463e0ee8c2,REMOTEOK,junior,Junior,applied,nom propre conservé (non traduit),2026-07-15T09:40:03+00:00
TRAD_8cbd7169b379,skill,SKL_0aeb8154850b,REMOTEOK,supervisor,Superviseur / Superviseuse,applied,ok,2026-07-15T09:40:03+00:00
TRAD_4223cc293980,skill,SKL_11d82775ca45,ARBEITNOW,Marketing and Communication,Marketing et Communication,applied,ok,2026-07-15T09:40:03+00:00
TRAD_ade85cd32e08,skill,SKL_d2658ef0c99a,ARBEITNOW,Arts and entertainment,Arts et divertissement,applied,ok,2026-07-15T09:40:03+00:00
TRAD_8c01d8eb115f,skill,SKL_0c6f4404fd8e,ARBEITNOW,certification,Certification,applied,nom propre conservé (non traduit),2026-07-15T09:40:03+00:00
TRAD_02b3ab2846fc,skill,SKL_a453dce2b681,ARBEITNOW,Remote,Télétravail,applied,ok,2026-07-15T09:40:03+00:00
TRAD_61054a6083ed,skill,SKL_5b652b92636a,ARBEITNOW,IT,Informatique,applied,ok,2026-07-15T09:40:03+00:00
TRAD_d2d0f78b3478,skill,SKL_79c131d33885,ARBEITNOW,Engineering,Ingénierie,applied,ok,2026-07-15T09:40:03+00:00
TRAD_c3ec6ac21b9c,skill,SKL_f99f5b3cde55,ARBEITNOW,Directors,Directeurs / Directrices,applied,ok,2026-07-15T09:40:03+00:00
TRAD_c9045b4857a9,skill,SKL_5c999ebc6a2e,ARBEITNOW,Chief Executives,Cadres dirigeants,applied,ok,2026-07-15T09:40:03+00:00
TRAD_a87a7c53a1e8,skill,SKL_ce745e4230f7,ARBEITNOW,Marketing Manager,Responsable marketing,applied,ok,2026-07-15T09:40:03+00:00
TRAD_8f94687ce96c,skill,SKL_1d29d48b0c0b,ARBEITNOW,Software Development,Développement logiciel,applied,ok,2026-07-15T09:40:03+00:00
TRAD_7688ee88006a,skill,SKL_9648059e8a60,ARBEITNOW,Consulting,Conseil,applied,ok,2026-07-15T09:40:03+00:00
TRAD_9e8668eb7837,skill,SKL_a1fd4af8ffb0,ARBEITNOW,professional,Professionnel,applied,ok,2026-07-15T09:40:03+00:00
TRAD_f59ae7a13313,skill,SKL_58dc550e46de,ARBEITNOW,Management,Management,applied,nom propre conservé (non traduit),2026-07-15T09:40:03+00:00
TRAD_39eff65590a2,skill,SKL_333fcc2fb98a,ARBEITNOW,Team Leader,Chef d'équipe,applied,ok,2026-07-15T09:40:03+00:00
TRAD_0cd76e250fc8,skill,SKL_73f9beb7ca01,ARBEITNOW,Other,Autre,applied,ok,2026-07-15T09:40:03+00:00
TRAD_da1c7466cb61,skill,SKL_7e6015a88f97,ARBEITNOW,vocational,Formation professionnelle,applied,ok,2026-07-15T09:40:03+00:00
TRAD_7ec0631940db,skill,SKL_65a0566e51c4,ARBEITNOW,Embedded Systems,Systèmes embarqués,applied,ok,2026-07-15T09:40:03+00:00
TRAD_bcc9f6803edd,skill,SKL_6011cd95bd17,ARBEITNOW,Firmware Development,Développement de firmware,applied,ok,2026-07-15T09:40:03+00:00
TRAD_416e5f6eb545,skill,SKL_eaf4cc5da533,ARBEITNOW,Process Management,Gestion des processus,applied,ok,2026-07-15T09:40:03+00:00
TRAD_8bbe23ce980c,skill,SKL_066785341766,ARBEITNOW,IT Security,Sécurité informatique,applied,ok,2026-07-15T09:40:03+00:00
TRAD_8bd80e5ba8c4,skill,SKL_c44215649ff6,ARBEITNOW,Automation Engineering,Ingénierie de l'automatisation,applied,ok,2026-07-15T09:40:03+00:00
TRAD_513de06c59b0,skill,SKL_7411bc5936ad,ARBEITNOW,Internet and software,Internet et logiciels,applied,ok,2026-07-15T09:40:03+00:00
TRAD_de0f71aaf372,skill,SKL_48537b44224c,ARBEITNOW,high school coursework,Cours de lycée,applied,ok,2026-07-15T09:40:03+00:00
TRAD_e0c274ddb01c,skill,SKL_81c855b1d7f9,ARBEITNOW,HR,RH,applied,ok,2026-07-15T09:40:03+00:00
TRAD_d50027c7fecb,skill,SKL_e6b7d5f0a846,ARBEITNOW,Project Management,Gestion de projet,applied,ok,2026-07-15T09:40:03+00:00
TRAD_4e8d7f7abb9c,skill,SKL_27f0215b16be,ARBEITNOW,Quality Management,Gestion de la qualité,applied,ok,2026-07-15T09:40:03+00:00
TRAD_8f1be7671d91,skill,SKL_13378ce5fdcb,ARBEITNOW,Web Development,Développement web,applied,ok,2026-07-15T09:40:03+00:00
TRAD_67e16d80743f,skill,SKL_ee8988321013,ARBEITNOW,Marketing and pr,Marketing et relations publiques,applied,ok,2026-07-15T09:40:03+00:00
TRAD_25f37be67040,skill,SKL_7af7f9372ca2,ARBEITNOW,bachelor's degree,Licence,applied,ok,2026-07-15T09:40:03+00:00
TRAD_78ca3adf15be,skill,SKL_7b05d8546575,ARBEITNOW,Information technology,Technologies de l'information,applied,ok,2026-07-15T09:40:03+00:00
TRAD_de56609830a7,skill,SKL_6a1980b9b3cc,ARBEITNOW,System and Network Administration,Administration systèmes et réseaux,applied,ok,2026-07-15T09:40:03+00:00
TRAD_093cdbdb2358,skill,SKL_7ce4283168cb,ARBEITNOW,Compensation and Benefits,Rémunération et avantages sociaux,applied,ok,2026-07-15T09:40:03+00:00
TRAD_4f65d70348a6,skill,SKL_515c47693b95,ARBEITNOW,Finance,Finance,applied,nom propre conservé (non traduit),2026-07-15T09:40:03+00:00
TRAD_dcf639a5232a,skill,SKL_5f13bea144a5,ARBEITNOW,Building,Bâtiment,applied,ok,2026-07-15T09:40:03+00:00
TRAD_1ce337e0c9fb,skill,SKL_9594c8621b16,ARBEITNOW,Supply,Approvisionnement,applied,ok,2026-07-15T09:40:03+00:00
TRAD_cbf3bddbbd42,skill,SKL_f5834c0b1b23,ARBEITNOW,Safety Services Engineering,Ingénierie des services de sécurité,applied,ok,2026-07-15T09:40:03+00:00
TRAD_be5452bf557f,skill,SKL_a47c7cfce569,ARBEITNOW,Beauty,Beauté,applied,ok,2026-07-15T09:40:03+00:00
TRAD_b99b1980bf49,skill,SKL_4f1dcdc9e197,ARBEITNOW,Wellness,Bien-être,applied,ok,2026-07-15T09:40:03+00:00
TRAD_2de0446b7bff,skill,SKL_102f88d3b170,ARBEITNOW,Development,Développement,applied,ok,2026-07-15T09:40:03+00:00
TRAD_dd4c96691e84,skill,SKL_aedbf5bf44e3,ARBEITNOW,Customer Service,Service client,applied,ok,2026-07-15T09:40:03+00:00
TRAD_d5073176a103,skill,SKL_3af717e2d59e,ARBEITNOW,Business Intelligence,Business Intelligence,applied,nom propre conservé (non traduit),2026-07-15T09:40:03+00:00
TRAD_2ebb95d1d56f,skill,SKL_08f7e84127d9,ARBEITNOW,high school or equivalent,Baccalauréat ou équivalent,applied,ok,2026-07-15T09:40:03+00:00
TRAD_794799a96981,skill,SKL_4e2d30bd7ac3,ARBEITNOW,Biotech,Biotechnologie,applied,ok,2026-07-15T09:40:03+00:00
TRAD_6237b07eaa90,skill,SKL_713f50e749a1,ARBEITNOW,pharma,Pharmaceutique,applied,ok,2026-07-15T09:40:03+00:00
TRAD_46a17a0a5bad,skill,SKL_7e11f221f9ad,ARBEITNOW,r&d,R&D,applied,nom propre conservé (non traduit),2026-07-15T09:40:03+00:00
TRAD_6575f41d51cb,skill,SKL_c5b7853910ad,ARBEITNOW,Quality Assurance,Assurance qualité,applied,ok,2026-07-15T09:40:03+00:00
TRAD_1e613583c320,skill,SKL_182f1752e622,ARBEITNOW,Inspection,Inspection,applied,nom propre conservé (non traduit),2026-07-15T09:40:03+00:00
TRAD_eb4a5895c1f3,skill,SKL_4cf7fdaebb9c,ARBEITNOW,Administration,Administration,applied,nom propre conservé (non traduit),2026-07-15T09:40:03+00:00
TRAD_74ea338ee7d6,skill,SKL_f34018fa3386,ARBEITNOW,Training,Formation,applied,ok,2026-07-15T09:40:03+00:00
TRAD_8e5c3c94a156,skill,SKL_544038d97b6d,ARBEITNOW,Social Media Manager,Responsable réseaux sociaux,applied,ok,2026-07-15T09:40:03+00:00
