Niveau;Code ISCO;Libellé
1;1000;Directeurs, cadres dirigeants et gérants
2;1100;Directeurs généraux, directeurs de l'administration, membres de l'Exécutif et des corps législatifs
3;1110;Membres des corps législatifs et exécutifs, directeurs et cadres supérieurs de l’administration publique
4;1111;Membres des corps législatifs et exécutifs
4;1112;Directeurs et cadres supérieurs de l’administration publique
4;1113;Chefs traditionnels et chefs de village
4;1114;Directeurs et cadres dirigeants d'organisations spécialisées
3;1120;Directeurs généraux d'entreprise
4;1120;Directeurs généraux d'entreprise
2;1200;Directeurs et cadres dirigeants des services administratifs et commerciaux
3;1210;Directeurs et cadres dirigeants des services administratifs
4;1211;Directeurs et cadres dirigeants, services financiers
4;1212;Directeurs et cadres dirigeants, ressources humaines
4;1213;Directeurs et cadres dirigeants, stratégie et planifications
4;1219;Directeurs et cadres dirigeants de services administratifs non classés ailleurs
3;1220;Directeurs et cadres dirigeants, ventes, commercialisation et développement
4;1221;Directeurs et cadres dirigeants, ventes et commercialisation
4;1222;Directeurs et cadres dirigeants, publicité et relations publiques
4;1223;Directeurs et cadres dirigeants, recherche-développement
2;1300;Directeurs et cadres dirigeants, production de biens et prestation de services spécialisés
3;1310;Directeurs et cadres dirigeants, agriculture, sylviculture et pêche
4;1311;Directeurs et cadres dirigeants, agriculture et sylviculture
4;1312;Directeurs et cadres dirigeants, aquaculture et pêche
3;1320;Directeurs et cadres dirigeants, industries manufacturières, mines, construction et distribution
4;1321;Directeurs et cadres dirigeants, industries manufacturières
4;1322;Directeurs et cadres dirigeants, mines
4;1323;Directeurs et cadres dirigeants, construction
4;1324;Directeurs et cadres dirigeants, approvisionnement, distribution et assimilés
3;1330;Directeurs et cadres dirigeants, technologies de l'information et des communications
4;1330;Directeurs et cadres dirigeants, technologies de l'information et des communications
3;1340;Directeurs et cadres dirigeants, prestation de services spécialisés
4;1341;Directeurs et cadres dirigeants, garde d'enfants
4;1342;Directeurs et cadres dirigeants, services de santé
4;1343;Directeurs et cadres dirigeants, services aux personnes âgées
4;1344;Directeurs et cadres dirigeants, services sociaux
4;1345;Directeurs et cadres dirigeants, enseignement
4;1346;Directeurs et cadres dirigeants, succursales de banque, services financiers et assurances
4;1349;Autres directeurs et cadres dirigeants, prestation de services spécialisés non classés ailleurs
2;1400;Directeurs et gérants de l’hôtellerie, de la restauration, du commerce et d’autres services
3;1410;Directeurs et gérants, hôtellerie et restauration
4;1411;Directeurs et gérants, hôtellerie
4;1412;Directeurs et gérants, restauration
3;1420;Directeurs et gérants, commerce de détail et de gros
4;1420;Directeurs et gérants, commerce de détail et de gros
3;1430;Autres directeurs et gérants
4;1431;Directeurs et gérants, centres sportifs, centres de loisirs et centres culturels
4;1439;Directeurs et gérants, services non classés ailleurs
1;2000;Professions intellectuelles et scientifiques
2;2100;Ingénieurs et spécialistes des sciences et des techniques
3;2110;Physiciens, chimistes et assimilés
4;2111;Physiciens et astronomes
4;2112;Météorologues
4;2113;Chimistes
4;2114;Géologues et géophysiciens
3;2120;Mathématiciens, actuaires et statisticiens
4;2120;Mathématiciens, actuaires et statisticiens
3;2130;Ingénieurs et spécialistes des sciences de la vie
4;2131;Biologistes, botanistes, zoologistes et assimilés
4;2132;Agronomes et assimilés
4;2133;Ingénieurs et spécialistes de la protection de l'environnement
3;2140;Ingénieurs et spécialistes des sciences techniques (sauf électrotechniques)
4;2141;Ingénieurs et spécialistes des sciences techniques de la production et de l'industrie
4;2142;Ingénieurs du génie civil et du bâtiment
4;2143;Ingénieurs et spécialistes de l'environnement
4;2144;Ingénieurs mécaniciens
4;2145;Ingénieurs chimistes
4;2146;Ingénieurs des mines, ingénieurs métallurgistes et assimilés
4;2149;Spécialistes, sciences techniques non classés ailleurs
3;2150;Ingénieurs de l'électrotechnique
4;2151;Ingénieurs électriciens
4;2152;Ingénieurs électroniciens
4;2153;Ingénieurs et spécialistes des télécommunications
3;2160;Architectes, urbanistes, géomètres et concepteurs
4;2161;Architectes, bâtiment
4;2162;Architectes paysagistes
4;2163;Concepteurs modélistes de produits et de vêtements
4;2164;Urbanistes et aménageurs des transports
4;2165;Cartographes et géomètres
4;2166;Graphistes et concepteurs graphiques, multimédia
2;2200;Médecins et professionnels de santé 
3;2210;Médecins
4;2211;Médecins généralistes
4;2212;Médecins spécialistes
3;2220;Cadres infirmiers et sages-femmes
4;2221;Cadres infirmiers
4;2222;Cadres sages-femmes
3;2230;Spécialistes des médecines traditionnelles et des médecines complémentaires
4;2230;Spécialistes des médecines traditionnelles et des médecines complémentaires
3;2240;Praticiens paramédicaux
4;2240;Praticiens paramédicaux
3;2250;Vétérinaires
4;2250;Vétérinaires
3;2260;Autres professionnels de santé 
4;2261;Dentistes
4;2262;Pharmaciens
4;2263;Spécialistes de la salubrité de l'environnement, de l'hygiène et de la santé au travail
4;2264;Kinésithérapeutes et physiothérapeutes
4;2265;Diététiciens et spécialistes de la nutrition
4;2266;Audiologistes et orthophonistes
4;2267;Optométristes
4;2269;Professionnels de santé non classés ailleurs
2;2300;Enseignants et professionnels de l’enseignement
3;2310;Professeurs d'université et d'établissements d'enseignement supérieur
4;2310;Professeurs d'université et d'établissements d'enseignement supérieur
3;2320;Professeurs, enseignement technique et professionnel 
4;2320;Professeurs, enseignement technique et professionnel 
3;2330;Professeurs, enseignement secondaire
4;2330;Professeurs, enseignement secondaire
3;2340;Instituteurs, enseignement primaire et éducateurs de la petite enfance
4;2341;Instituteurs, enseignement en primaire et en maternelle
4;2342;Éducateurs de la petite enfance
3;2350;Autres professionnels de l’enseignement
4;2351;Spécialistes des méthodes d'enseignement
4;2352;Enseignants, éducation spécialisée
4;2353;Autres professeurs de langues
4;2354;Autres professeurs de musique
4;2355;Autres professeurs de disciplines artistiques
4;2356;Formateurs en technologies de l'information
4;2359;Professionnels de l'enseignement, non classés ailleurs
2;2400;Cadres administratifs, financiers et commerciaux
3;2410;Cadres spécialistes en finances
4;2411;Cadres comptables
4;2412;Conseillers en finances et investissements
4;2413;Analystes financiers
3;2420;Cadres spécialistes des fonctions administratives
4;2421;Analystes, gestion et organisation
4;2422;Cadres, administration et politiques
4;2423;Cadres, ressources humaines et évolution de carrière
4;2424;cadres de la formation du personnel
3;2430;Cadres spécialistes des ventes, de la commercialisation et des relations publiques
4;2431;Cadres spécialistes de la publicité et de la commercialisation
4;2432;Cadres spécialistes des relations publiques
4;2433;Cadres spécialistes des ventes, secteurs médical et technique (à l'exception des TIC)
4;2434;Cadres spécialistes des ventes, technologies de l'information et des communications
2;2500;Ingénieurs et professionnels des technologies de l’information et des communications
3;2510;Analystes et concepteurs de logiciels et d'outils multimédias
4;2511;Analystes de systèmes
4;2512;Concepteurs de logiciels
4;2513;Concepteurs de sites internet et d'outils multimédias
4;2514;Programmeurs d'applications
4;2519;Concepteurs et analystes de logiciels, et concepteurs de multimédia non classés ailleurs
3;2520;Ingénieurs et spécialistes des bases de données et des réseaux informatiques
4;2521;Concepteurs et administrateurs de bases de données
4;2522;Administrateurs de systèmes
4;2523;Ingénieurs et spécialistes des réseaux informatiques
4;2529;Ingénieurs et spécialistes des bases de données et des réseaux informatiques non classés ailleurs
2;2600;Professionnels de la justice, des sciences sociales et de la culture
3;2610;Juristes
4;2611;Avocats
4;2612;Magistrats
4;2619;Juristes non classés ailleurs
3;2620;Archivistes, bibliothécaires, documentalistes et assimilés
4;2621;Archivistes paléographes et conservateurs de musée
4;2622;Bibliothécaires, documentalistes et professions assimilées
3;2630;Spécialistes des sciences sociales et des cultes
4;2631;Économistes
4;2632;Sociologues, anthropologues et assimilés
4;2633;Philosophes, historiens et spécialistes des sciences politiques
4;2634;Psychologues
4;2635;Spécialistes du travail social
4;2636;Ministres des cultes
3;2640;Auteurs, journalistes, éditeurs et linguistes
4;2641;Auteurs, éditeurs de livres et autres écrivains
4;2642;Journalistes et éditeurs de journaux
4;2643;Traducteurs, interprètes et linguistes
3;2650;Artistes auteurs et interprètes
4;2651;Artistes plasticiens
4;2652;Compositeurs, musiciens et chanteurs
4;2653;Danseurs et chorégraphes
4;2654;Directeurs, producteurs et metteurs en scène de cinéma, de théâtre et d'autres spectacles
4;2655;Acteurs
4;2656;Animateurs-présentateurs de radio, de télévision et autres médias
4;2659;Artistes auteurs et interprètes non classés ailleurs
1;3000;Professions intermédiaires
2;3100;Professions intermédiaires des sciences et des techniques
3;3110;Techniciens des sciences physiques et des techniques
4;3111;Techniciens des sciences chimiques et physiques
4;3112;Techniciens du génie civil et de la construction
4;3113;Techniciens en électricité
4;3114;Techniciens en électronique
4;3115;Techniciens en construction mécanique
4;3116;Techniciens en chimie industrielle
4;3117;Techniciens des mines, techniciens métallurgistes
4;3118;Dessinateurs industriels
4;3119;Techniciens des sciences physiques et techniques non classés ailleurs
3;3120;Superviseurs, mines, industries manufacturières et construction
4;3121;Superviseurs, mines
4;3122;Superviseurs, industries manufacturières
4;3123;Superviseurs, construction
3;3130;Techniciens, contrôle de processus industriels
4;3131;Conducteurs d'installations de production d'électricité
4;3132;Conducteurs d'incinérateurs et d'installations de traitement de l'eau
4;3133;Contrôleurs d'installations de traitement chimique
4;3134;Conducteurs d'installations de raffinage de pétrole et de gaz naturel
4;3135;Contrôleurs des processus industriels, métallurgie
4;3139;Techniciens, contrôle de processus industriels non classés ailleurs
3;3140;Techniciens et professions intermédiaires des sciences de la vie
4;3141;Techniciens des sciences de la vie (à l'exception de la médecine)
4;3142;Techniciens, agriculture et élevage
4;3143;Techniciens, sylviculture
3;3150;Contrôleurs et techniciens du transport maritime, fluvial ou aérien
4;3151;Officiers mécaniciens de bateaux
4;3152;Officiers de pont et pilotes
4;3153;Pilotes d'avions et assimilés
4;3154;Contrôleurs du trafic aérien
4;3155;Techniciens de la sécurité aérienne
2;3200;Professions intermédiaires de la santé
3;3210;Techniciens de la médecine et de la pharmacie
4;3211;Techniciens d'appareils électromédicaux
4;3212;Techniciens de laboratoire médical
4;3213;Techniciens et assistants pharmaciens et préparateurs en pharmacie
4;3214;Techniciens de prothèses médicales et dentaires
3;3220;Personnel infirmier et sages-femmes (niveau intermédiaire)
4;3221;Personnel infirmier (niveau intermédiaire)
4;3222;Sages-femmes (niveau intermédiaire)
3;3230;Praticiens des médecines traditionnelles et des médecines complémentaires
4;3230;Praticiens des médecines traditionnelles et des médecines complémentaires
3;3240;Techniciens et assistants vétérinaires
4;3240;Techniciens et assistants vétérinaires
3;3250;Autres professions intermédiaires de la santé
4;3251;Assistants et thérapeutes en médecine dentaire
4;3252;Techniciens de dossiers médicaux
4;3253;Agents de santé communautaire
4;3254;Opticiens
4;3255;Techniciens et assistants en physiothérapie
4;3256;Assistants médicaux
4;3257;Contrôleurs et assimilés, santé de l'environnement, santé au travail
4;3258;Ambulanciers
4;3259;Professions intermédiaires de la santé non classées ailleurs
2;3300;Professions intermédiaires, finance, vente et administration
3;3310;Professions intermédiaires de la finance et des mathématiques
4;3311;Courtiers en valeurs et cambistes
4;3312;Responsables des prêts
4;3313;Professions intermédiaires de la comptabilité
4;3314;Professions intermédiaires de la statistique, des mathématiques et assimilées
4;3315;Estimateurs et autres experts en évaluation
3;3320;Agents de vente et d'achat, courtiers
4;3321;Agents d'assurances
4;3322;Représentants et techniciens commerciaux
4;3323;Acheteurs
4;3324;Courtiers en marchandises
3;3330;Agents de services commerciaux
4;3331;Agents concessionnaires
4;3332;Organisateurs de conférences et d'événements
4;3333;Agents de placement et de recrutement de main-d'œuvre
4;3334;Agents immobiliers
4;3339;Agents de services commerciaux non classés ailleurs
3;3340;Secrétaires d'administration et secrétaires spécialisés
4;3341;Superviseurs, travail de bureau
4;3342;Secrétaires, services juridiques
4;3343;Secrétaires de direction 
4;3344;Secrétaires médicaux
3;3350;Professions intermédiaires de l'application de la loi et assimilées
4;3351;Contrôleurs des douanes et des frontières
4;3352;Contrôleurs des impôts
4;3353;Agents des services publics accordant des prestations sociales
4;3354;Agents des services publics accordant des permis et des licences
4;3355;Inspecteurs et enquêteurs de police
4;3359;Professions intermédiaires de l'application de la loi et assimilées non classées ailleurs
2;3400;Professions intermédiaires des services juridiques, des services sociaux et assimilés
3;3410;Professions intermédiaires des services juridiques, des services sociaux et des religions
4;3411;Professions juridiques intermédiaires et assimilées
4;3412;Professions intermédiaires du travail social
4;3413;Professions intermédiaires des religions
3;3420;Travailleurs du secteur des sports et des activités de remise en forme
4;3421;Athlètes et sportifs professionnels
4;3422;Arbitres, entraîneurs et moniteurs sportifs
4;3423;Moniteurs et animateurs de programmes, de loisirs et d'activités de remise en forme
3;3430;Professions intermédiaires de la culture, de la création artistique et des activités culinaires
4;3431;Photographes
4;3432;Décorateurs et designers d'intérieurs
4;3433;Techniciens de galeries d'art, de musées et de bibliothèques
4;3434;Chefs cuisiniers
4;3435;Autres professions intermédiaires de la culture et de la création artistique
2;3500;Techniciens de l'information et des communications
3;3510;Techniciens, maintenance et assistance aux utilisateurs des technologies de l'information et des communications
4;3511;Techniciens des technologies de l'information et des communications, maintenance
4;3512;Techniciens des technologies de l'information et des communications, assistance aux utilisateurs
4;3513;Techniciens, réseaux et systèmes informatiques
4;3514;Techniciens de l'internet
3;3520;Techniciens des télécommunications et de la radiodiffusion
4;3521;Techniciens de radiotélévision et d'enregistrement audiovisuel
4;3522;Techniciens des télécommunications
1;4000;Employés de type administratif
2;4100;Employés de bureau
3;4110;Employés de bureau, fonctions générales
4;4110;Employés de bureau, fonctions générales
3;4120;Secrétaires, fonctions générales
4;4120;Secrétaires, fonctions générales
3;4130;Opérateurs de saisie
4;4131;Dactylographes et opérateurs de traitement de texte
4;4132;Opérateurs de saisie de données
2;4200;Employés de réception, guichetiers et assimilés
3;4210;Guichetiers, encaisseurs et assimilés
4;4211;Guichetiers de banque et assimilés
4;4212;Croupiers et assimilés dans le secteur des jeux de hasard
4;4213;Prêteurs sur gages et bailleurs de fonds
4;4214;Encaisseurs et assimilés
3;4220;Employés chargés d'informer la clientèle
4;4221;Consultants et employés d'agence de voyages
4;4222;Employés de centre d'appel
4;4223;Téléphonistes-standardistes
4;4224;Réceptionnistes, hôtellerie
4;4225;Employés, service d'information
4;4226;Réceptionnistes, fonctions générales
4;4227;Enquêteurs, enquêtes et études de marché
4;4229;Employés chargés d'informer la clientèle non classés ailleurs
2;4300;Employés des services comptables et d'approvisionnement
3;4310;Employés des services comptables et financiers
4;4311;Aides-comptables et commis comptables
4;4312;Employés de services statistiques, services d'assurance ou financiers
4;4313;Commis, service de paie
3;4320;Employés d'approvisionnement, d'ordonnancement et des transports
4;4321;Employés du service des stocks
4;4322;Employés du service d'ordonnancement de la production
4;4323;Employés du service des transports
2;4400;Autres employés de type administratif
3;4410;Autres employés de type administratif
4;4411;Employés de bibliothèque
4;4412;Employés de service du courrier
4;4413;Codeurs, correcteurs d'épreuves et assimilés
4;4414;Écrivains publics et assimilés
4;4415;Classeurs-archivistes
4;4416;Employés, service du personnel
4;4419;Employés administratifs non classés ailleurs
1;5000;Personnel des services directs aux particuliers, commerçants et vendeurs
2;5100;Personnel des services directs aux particuliers
3;5110;Agents d'accompagnement et assimilés (transports et tourisme)
4;5111;Agents d'accueil et stewards, transports
4;5112;Contrôleurs et receveurs de transports publics
4;5113;Guides
3;5120;Cuisiniers
4;5120;Cuisiniers
3;5130;Serveurs et barmen
4;5131;Serveurs
4;5132;Barmen
3;5140;Coiffeurs, esthéticiens et assimilés
4;5141;Coiffeurs
4;5142;Esthéticiens et assimilés
3;5150;Intendants, gouvernantes et concierges
4;5151;Intendants et superviseurs des services de nettoyage de bureaux, des hôtels et d'autres établissements
4;5152;Gouvernantes et intendants à domicile
4;5153;Concierges
3;5160;Autre personnel des services directs aux particuliers
4;5161;Astrologues, diseurs de bonne aventure et assimilés
4;5162;Personnel de compagnie et valets de chambre
4;5163;Agents de pompes funèbres et embaumeurs
4;5164;Toiletteurs et gardiens d'animaux
4;5165;Moniteurs d'auto-école
4;5169;Personnel des services directs aux particuliers, non classé ailleurs
2;5200;Commerçants et vendeurs
3;5210;Vendeurs sur les marchés et vendeurs ambulants de comestibles
4;5211;Vendeurs à l'étal et sur les marchés
4;5212;Vendeurs ambulants de nourriture et boissons
3;5220;Commerçants et vendeurs, magasins
4;5221;Commerçants, magasins
4;5222;Superviseurs, magasins
4;5223;Vendeurs, magasin
3;5230;Caissiers et billettistes
4;5230;Caissiers et billettistes
3;5240;Autres vendeurs
4;5241;Mannequins et autres modèles
4;5242;Démonstrateurs en magasin
4;5243;Vendeurs au porte-à-porte
4;5244;Télévendeurs
4;5245;Pompistes
4;5246;Commis au comptoir, restauration rapide
4;5249;Vendeurs non classés ailleurs
2;5300;Auxiliaires de soins aux personnes et aux enfants
3;5310;Gardes d'enfants et aides-enseignants
4;5311;Gardes d'enfants
4;5312;Aides-enseignants
3;5320;Aides-soignants
4;5321;Aides-soignants en institution
4;5322;Aides-soignants à domicile
4;5329;Personnel soignant et assimilé, non classé ailleurs
2;5400;Personnel des services de protection et de sécurité
3;5410;Personnel des services de protection et de sécurité
4;5411;Pompiers
4;5412;Agents de police
4;5413;Gardiens de prison
4;5414;Agents de sécurité
4;5419;Personnel des services de protection et de sécurité, non classé ailleurs
1;6000;Agriculteurs et ouvriers qualifiés de l'agriculture, de la sylviculture et de la pêche
2;6100;Agriculteurs, exploitants et ouvriers qualifiés 
3;6110;Exploitants et ouvriers qualifiés, cultures
4;6111;Exploitants et ouvriers qualifiés, cultures de plein champ
4;6112;Arboriculteurs et viticulteurs, exploitants et ouvriers qualifiés
4;6113;Horticulteurs et pépinéristes, exploitants et ouvriers qualifiés
4;6114;Exploitants et ouvriers qualifiés, cultures diversifiées
3;6120;Éleveurs, exploitants et ouvriers qualifiés
4;6121;Éleveurs de bétail, exploitants et ouvriers qualifiés
4;6122;Éleveurs, exploitants et ouvriers qualifiés
4;6123;Apiculteurs et sériciculteurs, exploitants et ouvriers qualifiés
4;6129;Éleveurs non classés ailleurs, exploitants et ouvriers qualifiés
3;6130;Agriculteurs - éleveurs, exploitants et ouvriers qualifiés 
4;6130;Agriculteurs - éleveurs, exploitants et travailleurs qualifiés 
2;6200;Exploitants et ouvriers qualifiés, sylviculture, pêche et chasse
3;6210;Exploitants et ouvriers qualifiés, sylviculture et assimilés
4;6210;Exploitants et ouvriers qualifiés, sylviculture et assimilés
3;6220;Pêcheurs, chasseurs et trappeurs
4;6221;Exploitants et ouvriers qualifiés, aquaculture
4;6222;Pêcheurs de la pêche côtière et en eaux intérieures
4;6223;Pêcheurs de la pêche en haute mer
4;6224;Chasseurs et trappeurs
2;6300;Agriculteurs, pêcheurs, chasseurs et cueilleurs, subsistance
3;6310;Cultivateurs, subsistance
4;6310;Cultivateurs, subsistance
3;6320;Éleveurs de bétail, subsistance
4;6320;Eleveurs de bétail, subsistance
3;6330;Agriculteurs et éleveurs, subsistance
4;6330;Agriculteurs et éleveurs, subsistance
3;6340;Pêcheurs, chasseurs, trappeurs et cueilleurs, subsistance
4;6340;Pêcheurs, chasseurs, trappeurs et cueilleurs, subsistance
1;7000;Métiers qualifiés de l'industrie et de l'artisanat
2;7100;Métiers qualifiés du bâtiment et assimilés, sauf électriciens
3;7110;Métiers qualifiés du bâtiment (gros œuvre) et assimilés
4;7111;Constructeurs de maisons
4;7112;Maçons
4;7113;Fendeurs et tailleurs de pierre
4;7114;Constructeurs en béton armé, maçons ragréeurs et assimilés
4;7115;Charpentiers travaillant le bois, menuisiers
4;7119;Métiers qualifiés du bâtiment (gros œuvre) et assimilés non classés ailleurs
3;7120;Métiers qualifiés du bâtiment (second oeuvre) et assimilés
4;7121;Couvreurs
4;7122;Poseurs de revêtements de sol et carreleurs
4;7123;Plâtriers
4;7124;Monteurs en isolation thermique et acoustique
4;7125;Vitriers
4;7126;Plombiers et tuyauteurs
4;7127;Mécaniciens-installateurs réfrigération et climatisation
3;7130;Ouvriers peintres, ravaleurs de façades et assimilés
4;7131;Peintres en bâtiment et poseurs de papiers peints
4;7132;Laqueurs, vernisseurs et assimilés
4;7133;Ravaleurs de façades et ramoneurs
2;7200;Métiers qualifiés de la métallurgie, de la construction mécanique et assimilés
3;7210;Mouleurs de fonderie, soudeurs, tôliers-chaudronniers, monteurs de charpentes métalliques et assimilés
4;7211;Mouleurs et noyauteurs de fonderie
4;7212;Soudeurs et oxycoupeurs
4;7213;Tôliers-chaudronniers
4;7214;Charpentiers métalliers et monteurs de charpentes métalliques
4;7215;Gréeurs et épisseurs de câbles
3;7220;Forgerons, fabricants d'outils et assimilés
4;7221;Forgerons, estampeurs et conducteurs de presses à forger
4;7222;Fabricants d'outil et assimilés
4;7223;Régleurs et conducteurs de machines-outils
4;7224;Meuleurs, polisseurs et affûteurs
3;7230;Mécaniciens et réparateurs de machines
4;7231;Mécaniciens et réparateurs de véhicules à moteur
4;7232;Mécaniciens et réparateurs d'avions
4;7233;Mécaniciens et réparateurs de machines agricoles et industrielles
4;7234;Réparateurs de bicyclettes et assimilés
2;7300;Métiers qualifiés de l'artisanat et de l'imprimerie
3;7310;Métiers de l'artisanat
4;7311;Mécaniciens-réparateurs d'instruments de précision
4;7312;Facteurs et accordeurs d'instruments de musique
4;7313;Joailliers et orfèvres
4;7314;Potiers et assimilés
4;7315;Souffleurs, mouleurs, tailleurs, meuleurs et polisseurs de verre
4;7316;Peintres d'enseignes, peintres-décorateurs et graveurs
4;7317;Métiers de la fabrication artisanale sur bois et matériaux similaires
4;7318;Métiers de la fabrication artisanale sur textile, cuir et matériaux similaires
4;7319;Métiers de la fabrication artisanale non classés ailleurs
3;7320;Métiers de l'imprimerie
4;7321;Compositeurs et préparateurs, travaux préparatoires à l’impression
4;7322;Imprimeurs
4;7323;Relieurs et assimilés
2;7400;Métiers de l'électricité et de l'électronique
3;7410;Installateurs et réparateurs, équipements électriques
4;7411;Électriciens du bâtiment et assimilés
4;7412;Mécaniciens et ajusteurs, appareils électriques
4;7413;Monteurs et réparateurs de lignes électriques
3;7420;Monteurs et réparateurs, électronique et télécommunications
4;7421;Mécaniciens et réparateurs d'appareils électroniques
4;7422;Monteurs et réparateurs, technologies de l'information et des communications
2;7500;Métiers de l'alimentation, du travail sur bois, de l'habillement et autres métiers qualifiés de l'artisanat
3;7510;Métiers qualifiés de la restauration et assimilés
4;7511;Bouchers, poissonniers et assimilés
4;7512;Boulangers, pâtissiers et confiseurs
4;7513;Fabricants de produits laitiers
4;7514;Conserveurs de fruits, de légumes et professions assimilées
4;7515;Dégustateurs et évaluateurs de produits alimentaires et de boissons
4;7516;Métiers qualifiés de la préparation et de la fabrication des produits du tabac
3;7520;Métiers qualifiés du traitement du bois, ébénistes et assimilés
4;7521;Métiers qualifiés du traitement du bois
4;7522;Ébénistes et assimilés
4;7523;Régleurs et conducteurs de machines à bois
3;7530;Métiers qualifiés de l'habillement et assimilés
4;7531;Tailleurs, couturiers, fourreurs, modistes et chapeliers
4;7532;Métiers qualifiés de la coupe de vêtements et assimilés
4;7533;Couseurs, brodeurs et assimilés
4;7534;Tapissiers et assimilés
4;7535;Tanneurs, peaussiers et mégissiers
4;7536;Cordonniers et assimilés
3;7540;Autres métiers qualifiés de l'artisanat
4;7541;Scaphandriers et plongeurs
4;7542;Boutefeux et spécialistes en explosifs
4;7543;Contrôleurs qualité, trieurs et essayeurs de produits (à l'exception des aliments et des boissons)
4;7544;Fumigateurs et préposés au contrôle de la vermine et des mauvaises herbes
4;7549;Métiers qualifiés de l'artisanat non classés ailleurs
1;8000;Conducteurs d'installations et de machines, et ouvriers de l'assemblage
2;8100;Conducteurs de machines et d'installations fixes
3;8110;Conducteurs d'installations d'exploitation minière et d'extraction des minéraux
4;8111;Mineurs, carriers et conducteurs d'installations de mine
4;8112;Conducteurs d'installations de transformation des minerais et de la roche
4;8113;Foreurs, sondeurs de puits et assimilés
4;8114;Conducteurs de machines à fabriquer du ciment, de la pierre et d'autres produits minéraux
3;8120;Conducteurs d'installations de transformation et de traitement superficiel des métaux
4;8121;Conducteurs d'installations de transformation et de traitement des métaux
4;8122;Conducteurs d'installations de traitement superficiel des métaux
3;8130;Conducteurs d'installations et de machines pour la fabrication des produits chimiques et photographiques
4;8131;Conducteurs d'installations et de machines pour la fabrication de produits chimiques
4;8132;Conducteurs de machines pour la fabrication des produits photographiques
3;8140;Conducteurs de machines pour la fabrication de produits en caoutchouc, en matières plastiques ou de produits de papeterie
4;8141;Conducteurs de machines pour la fabrication des produits en caoutchouc
4;8142;Conducteurs de machines pour la fabrication de produits en matières plastiques
4;8143;Conducteurs de machines de papeterie
3;8150;Conducteurs de machines pour la fabrication de produits textiles et d'articles en fourrure ou en cuir
4;8151;Conducteurs de machines à préparer les fibres, à filer et à bobiner
4;8152;Conducteurs de machines à tisser et à tricoter
4;8153;Conducteurs de machines à coudre et à broder
4;8154;Conducteurs de machines à blanchir, à teindre et à nettoyer les tissus (gros)
4;8155;Conducteurs de machines à préparer les fourrures et le cuir
4;8156;Conducteurs de machines pour la fabrication de chaussures, d'articles de maroquinerie et assimilés
4;8157;Conducteurs de machines de blanchisserie
4;8159;Conducteurs de machines pour la fabrication de produits textiles et d'articles en fourrure ou en cuir, non classés ailleurs
3;8160;Conducteurs de machines pour la fabrication de denrées alimentaires et de produits connexes
4;8160;Conducteurs de machines pour la fabrication de denrées alimentaires et de produits connexes
3;8170;Conducteurs d'installations pour la fabrication du papier et pour le travail du bois
4;8171;Conducteurs d'installations pour la fabrication du papier et de la pâte à papier
4;8172;Conducteurs d'installations pour le travail du bois
3;8180;Autres conducteurs de machines et d'installations fixes
4;8181;Conducteurs d'installations pour la fabrication de produits en verre ou en céramique
4;8182;Chauffeurs de machines à vapeur et de chaudières
4;8183;Conducteurs de machines d'emballage, d'embouteillage et d'étiquetage
4;8189;Conducteurs de machines et d'installations fixes non classés ailleurs
2;8200;Ouvriers de l'assemblage
3;8210;Ouvriers de l'assemblage
4;8211;Monteurs en construction mécanique
4;8212;Monteurs d'appareils électriques et électroniques
4;8219;Monteurs et assembleurs non classés ailleurs
2;8300;Conducteurs de véhicules et de matériels et engins mobiles
3;8310;Conducteurs de locomotives et assimilés
4;8311;Conducteurs de locomotives
4;8312;Serre-freins, aiguilleurs et agents de manœuvre
3;8320;Conducteurs d'automobiles, de camionnettes et de motocycles
4;8321;Conducteurs de motocycles
4;8322;Chauffeurs de taxi et conducteurs d'automobiles, de camionnettes et d'ambulances
3;8330;Conducteurs de poids lourds et d'autobus
4;8331;Conducteurs d'autobus et de tramways
4;8332;Conducteurs de poids lourds et de camions
3;8340;Conducteurs de matériels et engins mobiles
4;8341;Conducteurs d'engins mobiles agricoles et forestiers
4;8342;Conducteurs d'engins de terrassement et de matériels similaires
4;8343;Conducteurs de grues, d'engins de levage divers et de matériels similaires
4;8344;Conducteurs de chariots élévateurs
3;8350;Matelots de pont et assimilés
4;8350;Matelots de pont et assimilés
1;9000;Professions élémentaires
2;9100;Aides ménagers, agents d'entretien et de nettoyage
3;9110;Aides ménagers à domicile et agents d'entretien dans les hôtels et bureaux
4;9111;Aides ménagers à domicile
4;9112;Agents d'entretien dans les bureaux, les hôtels et autres établissements
3;9120;Laveurs de véhicules et de vitres, laveurs de linge et autres nettoyeurs manuels
4;9121;Laveurs et repasseurs de linge à la main
4;9122;Laveurs de véhicules
4;9123;Laveurs de vitres
4;9129;Autres agents de nettoyage
2;9200;Manœuvres de l'agriculture, de la pêche et de la sylviculture
3;9210;Manœuvres de l'agriculture, de la pêche et de la sylviculture
4;9211;Manœuvres sur cultures de plein champ et ramasseurs de fruits
4;9212;Manœuvres de l'élevage
4;9213;Manœuvres de la culture et de l'élevage combinés
4;9214;Manœuvres, cultures maraîchères et horticoles
4;9215;Manœuvres forestiers
4;9216;Manœuvres pêcheurs et aquaculteurs
2;9300;Manœuvres des mines, du bâtiment et des travaux publics, des industries manufacturières et des transports
3;9310;Manœuvres des mines, du bâtiment et des travaux publics
4;9311;Manœuvres des mines et des carrières
4;9312;Manoeuvres de chantier de travaux publics
4;9313;Manœuvres du bâtiment
3;9320;Manœuvres des industries manufacturières
4;9321;Emballeurs à la main et autres manœuvres des industries manufacturières
4;9329;Manœuvres des industries manufacturières non classés ailleurs
3;9330;Manœuvres des transports et de l'entreposage
4;9331;Conducteurs de véhicules à bras et à pédales
4;9332;Conducteurs de véhicules et de machines à traction animale
4;9333;Manutentionnaires
4;9334;Garnisseurs de rayons
2;9400;Assistants de préparation d'aliments
3;9410;Assistants de préparation d'aliments
4;9411;Cuisiniers, restauration rapide
4;9412;Aides de cuisine
2;9500;Vendeurs ambulants et autres petits métiers de rues et assimilés
3;9510;Petits métiers de rue et assimilés
4;9510;Petits métiers de rue et assimilés
3;9520;Vendeurs ambulants (à l'exception de l'alimentation)
4;9520;Vendeurs ambulants (à l'exception de l'alimentation)
2;9600;Éboueurs et autres professions élémentaires
3;9610;Éboueurs
4;9611;Manœuvres, enlèvement des ordures et matériel recyclable
4;9612;Trieurs de déchets
4;9613;Balayeurs et manœuvres assimilés
3;9620;Autres professions élémentaires
4;9621;Messagers, porteurs de bagages et livreurs de colis
4;9622;Manœuvres polyvalents
4;9623;Encaisseurs de distributeurs automatiques à prépaiement et releveurs de compteurs
4;9624;Porteurs d'eau et ramasseurs de bois de feu
4;9629;Professions élémentaires non classées ailleurs
4;9900;Codage à blanc
1;0000;Professions militaires
2;0100;Officiers des forces armées
3;0110;Officiers des forces armées
4;0110;Officiers des forces armées
2;0200;Sous-officiers des forces armées
3;0210;Sous-officiers des forces armées
4;0210;Sous-officiers des forces armées
2;0300;Autres membres des forces armées
3;0310;Autres membres des forces armées
4;0310;Autres membres des forces armées
